dapa_no,place,type,period,held_at,digitised
137,Barban,MKR,1629/1694,ŽU Barban,yes
138,Barban,MKR,1636-1636,ŽU Barban,yes
139,Barban,MKR,1639-1685,ŽU Barban,yes
140,Barban,MKR,1690-1693,ŽU Barban,yes
141,Barban,MKR,1691-1714,ŽU Barban,yes
142,Barban,MKR,1716-1750,DAPA,no
143,Barban,MKR,1750-1781,DAPA,no
144,Barban,MKR,1775-1791,ŽU Barban,yes
145,Barban,MKR,1781-1816,DAPA,no
146,Barban,MKR,1806-1816,ŽU Barban,yes
147,Barban,MKR,1816-1831,DAPA,no
148,Barban,MKR,1816-1835,DAPA,no
149,Barban,MKR,1831-1840,DAPA,no
150,Barban,MKR,1835-1842,DAPA,no
151,Barban,MKR,1841-1860,DAPA,no
152,Barban,MKR,1842-1853,DAPA,no
153,Barban,MKR,1853-1888,ŽU Barban,yes
154,Barban,MKR,1860-1891,DAPA,no
155,Barban,MKR,1891-1922,BA Poreč,yes
156,Barban,MKR,1923-1940,ŽU Barban,yes
157,Barban,MKR,1923,MU Pula - MP Barban,yes
158,Barban,MKR,1924,MU Pula - MP Barban,yes
159,Barban,MKR,1924,MU Pula - MP Barban,yes
160,Barban,MKR,1925,MU Pula - MP Barban,yes
161,Barban,MKR,1926,MU Pula - MP Barban,yes
162,Barban,MKR,1927,MU Pula - MP Barban,yes
163,Barban,MKR,1928,MU Pula - MP Barban,yes
164,Barban,MKR,1929,MU Pula - MP Barban,yes
165,Barban,MKR,1930,MU Pula - MP Barban,yes
166,Barban,MKR,1931,MU Pula - MP Barban,yes
167,Barban,MKR,1932,MU Pula - MP Barban,yes
168,Barban,MKR,1933,MU Pula - MP Barban,yes
169,Barban,MKR,1934,MU Pula - MP Barban,yes
170,Barban,MKR,1935,MU Pula - MP Barban,yes
171,Barban,MKR,1936,MU Pula - MP Barban,yes
172,Barban,MKR,1937,MU Pula - MP Barban,yes
173,Barban,MKR,1938,MU Pula - MP Barban,yes
174,Barban,MKR,1939,MU Pula - MP Barban,yes
175,Barban,MKR,1940,MU Pula - MP Barban,yes
176,Barban,MKR,1940-1999,ŽU Barban,yes
177,Barban,MKR,1941,MU Pula - MP Barban,yes
178,Barban,MKR,1942,MU Pula - MP Barban,yes
179,Barban,MKR,1943-1946,MU Pula - MP Barban,yes
180,Barban,MKR,1947-1958,MU Pula - MP Barban,yes
181,Barban,MKR,1959-1979,MU Pula - MP Barban,yes
182,Barban,MKV,1669-1689,ŽU Barban,yes
183,Barban,MKV,1692-1694,ŽU Barban,yes
184,Barban,MKV,1695-1749,ŽU Barban,yes
185,Barban,MKV,1722-1727,ŽU Barban,yes
186,Barban,MKV,1753-1826,ŽU Barban,yes
187,Barban,MKV,1793-1799,ŽU Barban,yes
188,Barban,MKV,1815-1821,DAPA,no
189,Barban,MKV,1821-1840,DAPA,no
190,Barban,MKV,1826-1842,DAPA,no
191,Barban,MKV,1841-1860,DAPA,no
192,Barban,MKV,1843-1868,DAPA,no
193,Barban,MKV,1860-1920,BA Poreč,yes
194,Barban,MKV,1868-1887,DAPA,no
195,Barban,MKV,1920-1948,ŽU Barban,yes
196,Barban,MKV,1924,MU Pula - MP Barban,yes
197,Barban,MKV,1925,MU Pula - MP Barban,yes
198,Barban,MKV,1926,MU Pula - MP Barban,yes
199,Barban,MKV,1927,MU Pula - MP Barban,yes
200,Barban,MKV,1928,MU Pula - MP Barban,yes
201,Barban,MKV,1929,MU Pula - MP Barban,yes
202,Barban,MKV,1930,MU Pula - MP Barban,yes
203,Barban,MKV,1931,MU Pula - MP Barban,yes
204,Barban,MKV,1932,MU Pula - MP Barban,yes
205,Barban,MKV,1933,MU Pula - MP Barban,yes
206,Barban,MKV,1934,MU Pula - MP Barban,yes
207,Barban,MKV,1935,MU Pula - MP Barban,yes
208,Barban,MKV,1936,MU Pula - MP Barban,yes
209,Barban,MKV,1937,MU Pula - MP Barban,yes
210,Barban,MKV,1938,MU Pula - MP Barban,yes
211,Barban,MKV,1939,MU Pula - MP Barban,yes
212,Barban,MKV,1940,MU Pula - MP Barban,yes
213,Barban,MKV,1941,MU Pula - MP Barban,yes
214,Barban,MKV,1942,MU Pula - MP Barban,yes
215,Barban,MKV,1943-1946,MU Pula - MP Barban,yes
216,Barban,MKV,1947-1958,MU Pula - MP Barban,yes
217,Barban,MKV,1949-1959,ŽU Barban,no
218,Barban,MKV,1959-1979,MU Pula,yes
219,Barban,MKU,1691-1695,ŽU Barban,yes
220,Barban,MKU,1696-1714,ŽU Barban,yes
221,Barban,MKU,1717-1751,DAPA,no
222,Barban,MKU,1751/1815,DAPA,no
223,Barban,MKU,1778-1786,ŽU Barban,yes
224,Barban,MKU,1786-1827,ŽU Barban,yes
225,Barban,MKU,1815-1821,DAPA,no
226,Barban,MKU,1821-1841,DAPA,no
227,Barban,MKU,1828-1843,ŽU Barban,yes
228,Barban,MKU,1841-1860,DAPA,no
229,Barban,MKU,1843-1879,ŽU Barban,yes
230,Barban,MKU,1860-1916,BA Poreč,yes
231,Barban,MKU,1917-1949,ŽU Barban,yes
232,Barban,MKU,1924,MU Pula - MP Barban,yes
233,Barban,MKU,1925,MU Pula - MP Barban,yes
234,Barban,MKU,1926,MU Pula - MP Barban,yes
235,Barban,MKU,1927,MU Pula - MP Barban,yes
236,Barban,MKU,1928,MU Pula - MP Barban,yes
237,Barban,MKU,1929,MU Pula - MP Barban,yes
238,Barban,MKU,1930,MU Pula - MP Barban,yes
239,Barban,MKU,1931,MU Pula - MP Barban,yes
240,Barban,MKU,1932,MU Pula - MP Barban,yes
241,Barban,MKU,1933,MU Pula - MP Barban,yes
242,Barban,MKU,1934,MU Pula - MP Barban,yes
243,Barban,MKU,1935,MU Pula - MP Barban,yes
244,Barban,MKU,1936,MU Pula - MP Barban,yes
245,Barban,MKU,1937,MU Pula - MP Barban,yes
246,Barban,MKU,1938,MU Pula - MP Barban,yes
247,Barban,MKU,1939,MU Pula - MP Barban,yes
248,Barban,MKU,1940,MU Pula - MP Barban,yes
249,Barban,MKU,1941,MU Pula - MP Barban,yes
250,Barban,MKU,1942,MU Pula - MP Barban,yes
251,Barban,MKU,1943-1946,MU Pula - MP Barban,yes
252,Barban,MKU,1947-1958,MU Pula - MP Barban,yes
253,Barban,MKU,1949-1976,ŽU Barban,no
254,Barban,MKU,1959-1979,MU Pula,yes
255,Barban,SD,1799,ŽU Barban,yes
256,Barban,SD,1815,ŽU Barban,yes
257,Barban,SD,1825,ŽU Barban,yes
258,Barban,SD,1825,ŽU Barban,yes
259,Barban,SD,1882,ŽU Barban,yes
871,Cerovlje,MKR,1710-1789,ŽU Cerovlje,yes
872,Cerovlje,MKR,1783-1847,ŽU Cerovlje,yes
873,Cerovlje,MKR,1871-1933,BA Poreč,yes
874,Cerovlje,MKR,1933-1948,BA Poreč,yes
875,Cerovlje,MKR,1934-,ŽU Cerovlje,no
876,Cerovlje,MKR,1947-1951,MU Pazin,yes
877,Cerovlje,MKR,1951-1952,MU Pazin,yes
878,Cerovlje,MKR,1953-1958,MU Pazin,yes
879,Cerovlje,MKR,1959-1993,MU Pazin,yes
880,Cerovlje,MKV,1872-1948,BA Poreč,yes
881,Cerovlje,MKV,1940-,ŽU Cerovlje,no
882,Cerovlje,MKV,1947-1951,MU Pazin,yes
883,Cerovlje,MKV,1951-1952,MU Pazin,yes
884,Cerovlje,MKV,1953-1958,MU Pazin,yes
885,Cerovlje,MKV,1959-1983,MU Pazin,yes
886,Cerovlje,MKU,1784-1847,ŽU Cerovlje,yes
887,Cerovlje,MKU,1872-1948,BA Poreč,yes
888,Cerovlje,MKU,1940-,ŽU Cerovlje,no
889,Cerovlje,MKU,1947-1952,MU Pazin,yes
890,Cerovlje,MKU,1953-1958,MU Pazin,yes
891,Cerovlje,MKU,1959-1993,MU Pazin,yes
892,Cerovlje,SD,XVIII-XIX. st.,ŽU Cerovlje,yes
893,Cerovlje,SD,XIX-XX. st.,ŽU Cerovlje,yes
894,Cerovlje,SD,XIX-XX. st.,ŽU Cerovlje,yes
899,Čepić,MKR,1782-1861,ŽU Kršan,yes
900,Čepić,MKR,1861-1898,DAPA,no
901,Čepić,MKR,1899-1933,BA Poreč,yes
902,Čepić,MKR,1934-1946,BA Poreč,yes
903,Čepić,MKR,1934-2000,ŽU Kršan,yes
904,Čepić,MKR,1947-1949,MU Potpićan,yes
905,Čepić,MKR,1947-1952,MU Potpićan,yes
906,Čepić,MKR,1959-1962.1963-1993,MU Potpićan,yes
907,Čepić,MKV,1782-1861,ŽU Kršan,yes
908,Čepić,MKV,1861-1898,DAPA,no
909,Čepić,MKV,1898-1948,BA Poreč,yes
910,Čepić,MKV,1933-1944,ŽU Ćepić,yes
911,Čepić,MKV,1945-2003,ŽU Ćepić,yes
912,Čepić,MKV,1947-1952,MU Potpićan,yes
913,Čepić,MKV,1959-1962.1963-1993,MU Potpićan,yes
914,Čepić,MKU,1782-1861,ŽU Kršan,yes
915,Čepić,MKU,1861-1898,DAPA,no
916,Čepić,MKU,1899-1948,BA Poreč,yes
917,Čepić,MKU,1943-1945,MU Potpićan,yes
918,Čepić,MKU,1947-1952,MU Potpićan,yes
919,Čepić,MKU,1949-,ŽU Ćepić,no
920,Čepić,MKU,1959-1962.1963-1993,MU Potpićan,yes
921,Čepić,SD,XVIII-XIX. st.,ŽU Kršan,yes
922,Čepić,SD,XIX-XX. st.,ŽU Kršan,yes
923,Čepić,SD,XX. st.,ŽU Kršan,yes
1162,Gologorica,MKR,1644-1674.1691-1763,ŽU Gologorica,no
1163,Gologorica,MKR,1764-1788,ŽU Gologorica,yes
1164,Gologorica,MKR,1770-1781,ŽU Gologorica,yes
1165,Gologorica,MKR,1784-1880,ŽU Gologorica,yes
1166,Gologorica,MKR,1880-1948,BA Poreč,yes
1167,Gologorica,MKR,1940-1948,ŽU Gologorica,yes
1168,Gologorica,MKR,1945-,ŽU Gologorica,no
1169,Gologorica,MKV,1656-1781,ŽU Gologorica,no
1170,Gologorica,MKV,1770-1789,ŽU Gologorica,yes
1171,Gologorica,MKV,1784-1879,ŽU Gologorica,yes
1172,Gologorica,MKV,1880-1948,BA Poreč,yes
1173,Gologorica,MKV,1945-1966,ŽU Gologorica,no
1174,Gologorica,MKU,1646-1777,ŽU Gologorica,no
1175,Gologorica,MKU,1646-1806,ŽU Gologorica,yes
1176,Gologorica,MKU,1770-1789,ŽU Gologorica,yes
1177,Gologorica,MKU,1784-1879,ŽU Gologorica,yes
1178,Gologorica,MKU,1880-1948,BA Poreč,yes
1179,Gologorica,MKU,1945-1966,ŽU Gologorica,no
1180,Gologorica,SD,1826,ŽU Gologorica,yes
1181,Gologorica,SD,1862,ŽU Gologorica,yes
1182,Gologorica,SD,1894-1894,ŽU Gologorica,yes
1183,Gologorica,SD,1921,ŽU Gologorica,yes
1184,Gračišće,MKR,1667-1745,ŽU Gračišće,yes
1185,Gračišće,MKR,1746-1841,ŽU Gračišće,yes
1186,Gračišće,MKR,1785-1851,ŽU Gračišće,yes
1187,Gračišće,MKR,1841-1899,DAPA,yes
1188,Gračišće,MKR,1900-1923,BA Poreč,yes
1189,Gračišće,MKR,1912-1948,MU Pazin,yes
1190,Gračišće,MKR,1926-1937,ŽU Gračišće,yes
1191,Gračišće,MKR,1926-1977,ŽU Gračišće,yes
1192,Gračišće,MKR,1947-1952,MU Pazin,yes
1193,Gračišće,MKR,1959-1988,MU Pazin,yes
1194,Gračišće,MKV,1671-1835,ŽU Gračišće,yes
1195,Gračišće,MKV,1785-1850,ŽU Gračišće,yes
1196,Gračišće,MKV,1836-1876,ŽU Gračišće,yes
1197,Gračišće,MKV,1877-1911,DAPA,yes
1198,Gračišće,MKV,1912-1948,BA Poreč,no
1199,Gračišće,MKV,1930-1952,ŽU Gračišće,yes
1200,Gračišće,MKV,1947-1952,MU Pazin,yes
1201,Gračišće,MKV,1959-1988,MU Pazin,yes
1202,Gračišće,MKU,1775-1840,ŽU Gračišće,yes
1203,Gračišće,MKU,1785-1850,ŽU Gračišće,yes
1204,Gračišće,MKU,1841-1936,BA Poreč,yes
1205,Gračišće,MKU,1936-2004,ŽU Gračišće,yes
1206,Gračišće,MKU,1947-1952,MU Pazin,yes
1207,Gračišće,MKU,1959-1988,MU Pazin,yes
1208,Gračišće,SD,1775,ŽU Gračišće,yes
1209,Gračišće,SD,1825,ŽU Gračišće,yes
1210,Gračišće,SD,1841,ŽU Gračišće,yes
1211,Gračišće,SD,1865,ŽU Gračišće,yes
1212,Gračišće,SD,1870,ŽU Gračišće,yes
1213,Gračišće,SD,1881,ŽU Gračišće,yes
1214,Gračišće,SD,1897,ŽU Gračišće,yes
1215,Gračišće,SD,1925,ŽU Gračišće,yes
2196,Ližnjan,MKR,1683-1745,ŽU Ližnjan,yes
2197,Ližnjan,MKR,1816-1864,DAPA,no
2198,Ližnjan,MKR,1864-1883,DAPA,no
2199,Ližnjan,MKR,1884-1948,BA Poreč,yes
2200,Ližnjan,MKR,1946-1952,MU Pula,yes
2201,Ližnjan,MKR,1949-1992,ŽU Ližnjan,no
2202,Ližnjan,MKR,1959-1993,MU Pula,yes
2203,Ližnjan,MKV,1680-1812,ŽU Ližnjan,yes
2204,Ližnjan,MKV,1812-1829,ŽU Ližnjan,yes
2205,Ližnjan,MKV,1815-1902,DAPA,no
2206,Ližnjan,MKV,1902-1944,BA Poreč,no
2207,Ližnjan,MKV,1947-1952,MU Pula,no
2208,Ližnjan,MKV,1948-,ŽU Ližnjan,no
2209,Ližnjan,MKU,1682-1733,ŽU Ližnjan,yes
2210,Ližnjan,MKU,1733-1812,ŽU Ližnjan,yes
2211,Ližnjan,MKU,1815-1900,DAPA,no
2212,Ližnjan,MKU,1901-1948,BA Poreč,yes
2213,Ližnjan,MKU,1927-1936,ŽU Ližnjan,yes
2214,Ližnjan,MKU,1947-1952,MU Pula,yes
2215,Ližnjan,MKU,1949-,ŽU Ližnjan,no
2216,Ližnjan,MKU,1959-1993,MU Pula,yes
2217,Ližnjan,SD,XVIII-XIX. st.,ŽU Ližnjan,yes
2218,Ližnjan,SD,XVIII-XIX. st.,ŽU Ližnjan,no
2219,Ližnjan,SD,XVIII-XX. st.,ŽU Ližnjan,yes
2503,Motovun / Montona,MKR,1586-1644,ŽU Motovun,yes
2504,Motovun / Montona,MKR,1645-1736,ŽU Motovun,yes
2505,Motovun / Montona,MKR,1737-1815,ŽU Motovun,yes
2506,Motovun / Montona,MKR,1815-1834,ŽU Motovun,yes
2507,Motovun / Montona,MKR,1835-1865,ŽU Motovun,yes
2508,Motovun / Montona,MKR,1860-1869,DAPA,yes
2509,Motovun / Montona,MKR,1866-1915,ŽU Motovun,yes
2510,Motovun / Montona,MKR,1869-1880,DAPA,yes
2511,Motovun / Montona,MKR,1881-1899,DAPA,yes
2512,Motovun / Montona,MKR,1900-1915,MU Pazin,yes
2513,Motovun / Montona,MKR,1915-1940,ŽU Motovun,yes
2514,Motovun / Montona,MKR,1916-1923,MU Pazin,yes
2515,Motovun / Montona,MKR,1924,MU Pazin,yes
2516,Motovun / Montona,MKR,1925,MU Pazin,yes
2517,Motovun / Montona,MKR,1926,MU Pazin,yes
2518,Motovun / Montona,MKR,1927,MU Pazin,yes
2519,Motovun / Montona,MKR,1928,MU Pazin,yes
2520,Motovun / Montona,MKR,1929,MU Pazin,yes
2521,Motovun / Montona,MKR,1930,MU Pazin,yes
2522,Motovun / Montona,MKR,1931,MU Pazin,yes
2523,Motovun / Montona,MKR,1932,MU Pazin,yes
2524,Motovun / Montona,MKR,1933,MU Pazin,yes
2525,Motovun / Montona,MKR,1934,MU Pazin,yes
2526,Motovun / Montona,MKR,1935,MU Pazin,yes
2527,Motovun / Montona,MKR,1936,MU Pazin,yes
2528,Motovun / Montona,MKR,1937,MU Pazin,yes
2529,Motovun / Montona,MKR,1938,MU Pazin,yes
2530,Motovun / Montona,MKR,1939,MU Pazin,yes
2531,Motovun / Montona,MKR,1940,MU Pazin,yes
2532,Motovun / Montona,MKR,1940-1964,ŽU Motovun,yes
2533,Motovun / Montona,MKR,1941,MU Pazin,yes
2534,Motovun / Montona,MKR,1942,MU Pazin,yes
2535,Motovun / Montona,MKR,1943,MU Pazin,yes
2536,Motovun / Montona,MKR,1944,MU Pazin,yes
2537,Motovun / Montona,MKR,1945,MU Pazin,yes
2538,Motovun / Montona,MKR,1946-1947,MU Pazin,yes
2539,Motovun / Montona,MKR,1947-1949,MU Pazin,yes
2540,Motovun / Montona,MKR,1949-1952,MU Pazin,yes
2541,Motovun / Montona,MKR,1952,MU Pazin,yes
2542,Motovun / Montona,MKR,1953-1958,MU Pazin,yes
2543,Motovun / Montona,MKR,1959-1993,MU Pazin,yes
2544,Motovun / Montona,MKV,1630-1713,ŽU Motovun,yes
2545,Motovun / Montona,MKV,1712-1742,ŽU Motovun,yes
2546,Motovun / Montona,MKV,1743-1815,ŽU Motovun,yes
2547,Motovun / Montona,MKV,1815-1820,ŽU Motovun,yes
2548,Motovun / Montona,MKV,1821-1834,ŽU Motovun,yes
2549,Motovun / Montona,MKV,1835-1865,ŽU Motovun,yes
2550,Motovun / Montona,MKV,1866-1920,BA Poreč,yes
2551,Motovun / Montona,MKV,1920-1948,BA Poreč,yes
2552,Motovun / Montona,MKV,1924,MU Pazin,yes
2553,Motovun / Montona,MKV,1925,MU Pazin,yes
2554,Motovun / Montona,MKV,1926,MU Pazin,yes
2555,Motovun / Montona,MKV,1927,MU Pazin,yes
2556,Motovun / Montona,MKV,1928,MU Pazin,yes
2557,Motovun / Montona,MKV,1929,MU Pazin,yes
2558,Motovun / Montona,MKV,1929,MU Pazin,yes
2559,Motovun / Montona,MKV,1930,MU Pazin,yes
2560,Motovun / Montona,MKV,1930,MU Pazin,yes
2561,Motovun / Montona,MKV,1931,MU Pazin,yes
2562,Motovun / Montona,MKV,1932,MU Pazin,yes
2563,Motovun / Montona,MKV,1933,MU Pazin,yes
2564,Motovun / Montona,MKV,1934,MU Pazin,yes
2565,Motovun / Montona,MKV,1935,MU Pazin,yes
2566,Motovun / Montona,MKV,1936,MU Pazin,yes
2567,Motovun / Montona,MKV,1937,MU Pazin,yes
2568,Motovun / Montona,MKV,1938,MU Pazin,yes
2569,Motovun / Montona,MKV,1939,MU Pazin,yes
2570,Motovun / Montona,MKV,1940,MU Pazin,yes
2571,Motovun / Montona,MKV,1941,MU Pazin,yes
2572,Motovun / Montona,MKV,1942,MU Pazin,yes
2573,Motovun / Montona,MKV,1943,MU Pazin,yes
2574,Motovun / Montona,MKV,1944,MU Pazin,yes
2575,Motovun / Montona,MKV,1945,MU Pazin,yes
2576,Motovun / Montona,MKV,1945-1947,MU Pazin,yes
2577,Motovun / Montona,MKV,1947-1949,MU Pazin,yes
2578,Motovun / Montona,MKV,1950-1952,MU Pazin,yes
2579,Motovun / Montona,MKV,1953-1958,MU Pazin,yes
2580,Motovun / Montona,MKV,1959-1987,MU Pazin,yes
2581,Motovun / Montona,MKU,1630-1759,ŽU Motovun,yes
2582,Motovun / Montona,MKU,1714-1732,ŽU Motovun,yes
2583,Motovun / Montona,MKU,1737-1815,ŽU Motovun,yes
2584,Motovun / Montona,MKU,1815-1834,ŽU Motovun,yes
2585,Motovun / Montona,MKU,1835-1865,ŽU Motovun,yes
2586,Motovun / Montona,MKU,1866-1912,DAPA,yes
2587,Motovun / Montona,MKU,1912-1941,BA Poreč,yes
2588,Motovun / Montona,MKU,1924,MU Pazin,yes
2589,Motovun / Montona,MKU,1925,MU Pazin,yes
2590,Motovun / Montona,MKU,1926,MU Pazin,yes
2591,Motovun / Montona,MKU,1927,MU Pazin,yes
2592,Motovun / Montona,MKU,1928,MU Pazin,yes
2593,Motovun / Montona,MKU,1929,MU Pazin,yes
2594,Motovun / Montona,MKU,1930,MU Pazin,yes
2595,Motovun / Montona,MKU,1931,MU Pazin,yes
2596,Motovun / Montona,MKU,1932,MU Pazin,yes
2597,Motovun / Montona,MKU,1933,MU Pazin,yes
2598,Motovun / Montona,MKU,1934,MU Pazin,yes
2599,Motovun / Montona,MKU,1935,MU Pazin,yes
2600,Motovun / Montona,MKU,1936,MU Pazin,yes
2601,Motovun / Montona,MKU,1937,MU Pazin,yes
2602,Motovun / Montona,MKU,1938,MU Pazin,yes
2603,Motovun / Montona,MKU,1939,MU Pazin,yes
2604,Motovun / Montona,MKU,1940,MU Pazin,yes
2605,Motovun / Montona,MKU,1941,MU Pazin,yes
2606,Motovun / Montona,MKU,1941,MU Pazin,yes
2607,Motovun / Montona,MKU,1941-1949,ŽU Motovun,yes
2608,Motovun / Montona,MKU,1942,MU Pazin,yes
2609,Motovun / Montona,MKU,1943,MU Pazin,yes
2610,Motovun / Montona,MKU,1944,MU Pazin,yes
2611,Motovun / Montona,MKU,1945,MU Pazin,yes
2612,Motovun / Montona,MKU,1946,MU Pazin,yes
2613,Motovun / Montona,MKU,1947-1952,MU Pazin,yes
2614,Motovun / Montona,MKU,1949-,ŽU Motovun,no
2615,Motovun / Montona,MKU,1952,MU Pazin,yes
2616,Motovun / Montona,MKU,1953-1958,MU Pazin,yes
2617,Motovun / Montona,MKU,1959-1988,MU Pazin,yes
2618,Motovun / Montona,SD,XVIII-XIX. st.,ŽU Motovun,yes
2619,Motovun / Montona,SD,XIX. st.,ŽU Motovun,yes
2620,Motovun / Montona,SD,XIX. st.,ŽU Motovun,yes
2621,Motovun / Montona,SD,XIX-XX. st.,ŽU Motovun,yes
2622,Motovun / Montona,SD,XIX-XX. st.,ŽU Motovun,yes
2623,Motovun / Montona,SD,XIX-XX. st.,ŽU Motovun,yes
2624,Motovun / Montona,SD,1911,ŽU Motovun,yes
3013,Pazin,MKR,1582-1624,DAPA,yes
3014,Pazin,MKR,1643-1655,DAPA,no
3015,Pazin,MKR,1655-1689,DAPA,no
3016,Pazin,MKR,1689-1734,DAPA,no
3017,Pazin,MKR,1735-1783,DAPA,no
3018,Pazin,MKR,1784-1812,DAPA,no
3019,Pazin,MKR,1812-1847,DAPA,no
3020,Pazin,MKR,1847-1882,DAPA,no
3021,Pazin,MKR,1883-1907,DAPA,yes
3022,Pazin,MKR,1908-1915,BA Poreč,yes
3023,Pazin,MKR,1916-1933,BA Poreč,yes
3024,Pazin,MKR,1924,MU Pazin,yes
3025,Pazin,MKR,1925,MU Pazin,yes
3026,Pazin,MKR,1926,MU Pazin,yes
3027,Pazin,MKR,1927,MU Pazin,yes
3028,Pazin,MKR,1928,MU Pazin,yes
3029,Pazin,MKR,1929,MU Pazin,yes
3030,Pazin,MKR,1930,MU Pazin,yes
3031,Pazin,MKR,1931,MU Pazin,yes
3032,Pazin,MKR,1932,MU Pazin,yes
3033,Pazin,MKR,1933,MU Pazin,yes
3034,Pazin,MKR,1934,MU Pazin,yes
3035,Pazin,MKR,1934-1958,ŽU Pazin,no
3036,Pazin,MKR,1935,MU Pazin,yes
3037,Pazin,MKR,1936,MU Pazin,yes
3038,Pazin,MKR,1937,MU Pazin,yes
3039,Pazin,MKR,1938,MU Pazin,yes
3040,Pazin,MKR,1939,MU Pazin,yes
3041,Pazin,MKR,1940,MU Pazin,yes
3042,Pazin,MKR,1941,MU Pazin,yes
3043,Pazin,MKR,1942,MU Pazin,yes
3044,Pazin,MKR,1943,MU Pazin,yes
3045,Pazin,MKR,1944,MU Pazin,yes
3046,Pazin,MKR,1945,MU Pazin,yes
3047,Pazin,MKR,1946,MU Pazin,yes
3048,Pazin,MKR,1947,MU Pazin,yes
3049,Pazin,MKR,1951-1952,MU Pazin,yes
3050,Pazin,MKR,1953-1954,MU Pazin,yes
3051,Pazin,MKR,1955-1956,MU Pazin,yes
3052,Pazin,MKR,1957-1958,MU Pazin,yes
3053,Pazin,MKR,1959-1962,MU Pazin,yes
3054,Pazin,MKR,1962-1966,MU Pazin,yes
3055,Pazin,MKR,1962-1966,MU Pazin,yes
3056,Pazin,MKV,1597-1635,DAPA,no
3057,Pazin,MKV,1656-1742,DAPA,no
3058,Pazin,MKV,1743-1812,DAPA,no
3059,Pazin,MKV,1812-1847,DAPA,no
3060,Pazin,MKV,1847-1912,BA Poreč,yes
3061,Pazin,MKV,1913-1921,BA Poreč,yes
3062,Pazin,MKV,1921-1946,BA Poreč,yes
3063,Pazin,MKV,1924,MU Pazin,yes
3064,Pazin,MKV,1925,MU Pazin,yes
3065,Pazin,MKV,1926,MU Pazin,yes
3066,Pazin,MKV,1926,MU Pazin,yes
3067,Pazin,MKV,1927,MU Pazin,yes
3068,Pazin,MKV,1928,MU Pazin,yes
3069,Pazin,MKV,1929,MU Pazin,yes
3070,Pazin,MKV,1929,MU Pazin,yes
3071,Pazin,MKV,1929-1934,ŽU Pazin,no
3072,Pazin,MKV,1930,MU Pazin,yes
3073,Pazin,MKV,1931,MU Pazin,yes
3074,Pazin,MKV,1932,MU Pazin,yes
3075,Pazin,MKV,1933,MU Pazin,yes
3076,Pazin,MKV,1934,MU Pazin,yes
3077,Pazin,MKV,1935,MU Pazin,yes
3078,Pazin,MKV,1935-1939,ŽU Pazin,no
3079,Pazin,MKV,1936,MU Pazin,yes
3080,Pazin,MKV,1937,MU Pazin,yes
3081,Pazin,MKV,1938,MU Pazin,yes
3082,Pazin,MKV,1939,MU Pazin,yes
3083,Pazin,MKV,1940,MU Pazin,yes
3084,Pazin,MKV,1941,MU Pazin,yes
3085,Pazin,MKV,1942,MU Pazin,yes
3086,Pazin,MKV,1943,MU Pazin,yes
3087,Pazin,MKV,1944,MU Pazin,yes
3088,Pazin,MKV,1945,MU Pazin,yes
3089,Pazin,MKV,1946,MU Pazin,yes
3090,Pazin,MKV,1946,MU Pazin,yes
3091,Pazin,MKV,1947,MU Pazin,yes
3092,Pazin,MKV,1949-1962,ŽU Pazin,no
3093,Pazin,MKV,1951-1952,MU Pazin,yes
3094,Pazin,MKV,1953-1954,MU Pazin,yes
3095,Pazin,MKV,1953-1954,MU Pazin,yes
3096,Pazin,MKV,1955-1956,MU Pazin,yes
3097,Pazin,MKV,1957-1958,MU Pazin,yes
3098,Pazin,MKV,1959-1964,MU Pazin,yes
3099,Pazin,MKU,1655-1715,DAPA,no
3100,Pazin,MKU,1716-1776,DAPA,no
3101,Pazin,MKU,1777-1812,DAPA,no
3102,Pazin,MKU,1812-1847,DAPA,no
3103,Pazin,MKU,1847-1909,DAPA,yes
3104,Pazin,MKU,1910-1941,BA Poreč,yes
3105,Pazin,MKU,1924,MU Pazin,yes
3106,Pazin,MKU,1925,MU Pazin,yes
3107,Pazin,MKU,1926,MU Pazin,yes
3108,Pazin,MKU,1927,MU Pazin,yes
3109,Pazin,MKU,1928,MU Pazin,yes
3110,Pazin,MKU,1929,MU Pazin,yes
3111,Pazin,MKU,1930,MU Pazin,yes
3112,Pazin,MKU,1931,MU Pazin,yes
3113,Pazin,MKU,1932,MU Pazin,yes
3114,Pazin,MKU,1933,MU Pazin,yes
3115,Pazin,MKU,1934,MU Pazin,yes
3116,Pazin,MKU,1935,MU Pazin,yes
3117,Pazin,MKU,1936,MU Pazin,yes
3118,Pazin,MKU,1937,MU Pazin,yes
3119,Pazin,MKU,1938,MU Pazin,yes
3120,Pazin,MKU,1939,MU Pazin,yes
3121,Pazin,MKU,1939,MU Pazin,yes
3122,Pazin,MKU,1940,MU Pazin,yes
3123,Pazin,MKU,1941,MU Pazin,yes
3124,Pazin,MKU,1942,MU Pazin,yes
3125,Pazin,MKU,1942-1985,ŽU Pazin,yes
3126,Pazin,MKU,1943,MU Pazin,yes
3127,Pazin,MKU,1943,MU Pazin,yes
3128,Pazin,MKU,1944,MU Pazin,yes
3129,Pazin,MKU,1944,MU Pazin,yes
3130,Pazin,MKU,1945,MU Pazin,yes
3131,Pazin,MKU,1946-1947,MU Pazin,yes
3132,Pazin,MKU,1951-1952,MU Pazin,yes
3133,Pazin,MKU,1953-1954,MU Pazin,yes
3134,Pazin,MKU,1955-1956,MU Pazin,yes
3135,Pazin,MKU,1957-1958,MU Pazin,yes
3136,Pazin,MKU,1959-1971,MU Pazin,yes
3137,Pazin,MKU,1959-1971,MU Pazin,yes
3138,Pazin,SD,1804-1804,ŽU Pazin,yes
3139,Pazin,SD,1817-1817,ŽU Pazin,yes
3140,Pazin,SD,XVIII-XIX. st.,ŽU Pazin,yes
3141,Pazin,SD,XIX-XX. st.,ŽU Pazin,yes
3142,Pazin,SD,XIX-XX. st.,ŽU Pazin,yes
3143,Pazin,SD,XIX-XX. st.,ŽU Pazin,yes
3144,Pazin,SD,XIX-XX. st.,ŽU Pazin,yes
3145,Pazin,SD,XIX-XX. st.,ŽU Pazin,yes
3146,Pazin,SD,XIX-XX. st.,ŽU Pazin,yes
3147,Pazin,SD,XIX-XX. st.,ŽU Pazin,yes
3148,Pazin,SD,XIX-XX. st.,ŽU Pazin,yes
3149,Pazin,SD,XIX-XX. st.,ŽU Pazin,yes
3150,Pazin,SD,XIX-XX. st.,ŽU Pazin,yes
3151,Pazin,SD,1908-1908,ŽU Pazin,yes
3189,Pićan,MKR,1664-1732,ŽU Pićan,yes
3190,Pićan,MKR,1733-1756,ŽU Pićan,yes
3191,Pićan,MKR,1756-1784,ŽU Pićan,yes
3192,Pićan,MKR,1860/1928,ŽU Pićan,yes
3193,Pićan,MKR,1861-1925,BA Poreč,yes
3194,Pićan,MKR,1926-1981,ŽU Pićan,yes
3195,Pićan,MKR,1947-1950,MU Potpićan,yes
3196,Pićan,MKR,1947-1951,MU Potpićan,yes
3197,Pićan,MKR,1951-1952,MU Potpićan,yes
3198,Pićan,MKR,1953-1958,MU Potpićan,yes
3199,Pićan,MKR,1959-1962.1963-1993,MU Potpićan,yes
3200,Pićan,MKV,1664-1775,ŽU Pićan,yes
3201,Pićan,MKV,1776-1784,ŽU Pićan,yes
3202,Pićan,MKV,1784-1859,ŽU Pićan,yes
3203,Pićan,MKV,1859/1928,ŽU Pićan,yes
3204,Pićan,MKV,1860-1948,BA Poreč,yes
3205,Pićan,MKV,1947-1952,MU Potpićan,yes
3206,Pićan,MKV,1948-1971,ŽU Pićan,no
3207,Pićan,MKV,1952,MU Potpićan,yes
3208,Pićan,MKV,1953-1958,MU Potpićan,yes
3209,Pićan,MKV,1959-1962.1963-1993,MU Potpićan,yes
3210,Pićan,MKU,1664-1775,ŽU Pićan,yes
3211,Pićan,MKU,1776-1860,ŽU Pićan,yes
3212,Pićan,MKU,1860/1928,ŽU Pićan,yes
3213,Pićan,MKU,1861-1948,BA Poreč,yes
3214,Pićan,MKU,1947-1952,MU Potpićan,yes
3215,Pićan,MKU,1953-1958,MU Potpićan,yes
3216,Pićan,MKU,1959-1962.1963-1993,MU Potpićan,yes
3217,Pićan,SD,1785,ŽU Pićan,yes
3218,Pićan,SD,1806,ŽU Pićan,yes
3219,Pićan,SD,1807,ŽU Pićan,yes
3220,Pićan,SD,1830,ŽU Pićan,yes
3221,Pićan,SD,XIX-XX. st.,ŽU Pićan,yes
3222,Pićan,SD,XIX-XX. st.,ŽU Pićan,yes
3348,Poreč,MKR,1657-1692,DAPA,no
3349,Poreč,MKR,1692-1710,DAPA,no
3350,Poreč,MKR,1710-1734,DAPA,no
3351,Poreč,MKR,1734-1745,DAPA,no
3352,Poreč,MKR,1745-1753,DAPA,no
3353,Poreč,MKR,1753-1765,DAPA,no
3354,Poreč,MKR,1766-1791,DAPA,no
3355,Poreč,MKR,1792-1804,DAPA,no
3356,Poreč,MKR,1799-1829,DAPA,no
3357,Poreč,MKR,1804-1817,DAPA,no
3358,Poreč,MKR,1815-1839,DAPA,no
3359,Poreč,MKR,1838-1841,DAPA,no
3360,Poreč,MKR,1839-1874-1874,DAPA,no
3361,Poreč,MKR,1842-1843,DAPA,no
3362,Poreč,MKR,1844-1846,DAPA,no
3363,Poreč,MKR,1874-1912,BA Poreč,yes
3364,Poreč,MKR,1889-1900,ŽU Poreč,yes
3365,Poreč,MKR,1900-1930,ŽU Poreč,yes
3366,Poreč,MKR,1913-1924,BA Poreč,yes
3367,Poreč,MKR,1924,MU Poreč,yes
3368,Poreč,MKR,1925,MU Poreč,yes
3369,Poreč,MKR,1926,MU Poreč,yes
3370,Poreč,MKR,1927,MU Poreč,yes
3371,Poreč,MKR,1928,MU Poreč,yes
3372,Poreč,MKR,1929,MU Poreč,yes
3373,Poreč,MKR,1930,ŽU Poreč,yes
3374,Poreč,MKR,1931,MU Poreč,yes
3375,Poreč,MKR,1932,MU Poreč,yes
3376,Poreč,MKR,1933,MU Poreč,yes
3377,Poreč,MKR,1934,MU Poreč,yes
3378,Poreč,MKR,1935,MU Poreč,yes
3379,Poreč,MKR,1936,MU Poreč,yes
3380,Poreč,MKR,1937,MU Poreč,yes
3381,Poreč,MKR,1938,MU Poreč,yes
3382,Poreč,MKR,1939,MU Poreč,yes
3383,Poreč,MKR,1940,MU Poreč,yes
3384,Poreč,MKR,1941,MU Poreč,yes
3385,Poreč,MKR,1942,MU Poreč,yes
3386,Poreč,MKR,1943,MU Poreč,yes
3387,Poreč,MKR,1944-1945,MU Poreč,yes
3388,Poreč,MKR,1945-1946,MU Poreč,yes
3389,Poreč,MKR,1947-1948,MU Poreč,yes
3390,Poreč,MKR,1949-1950,MU Poreč,yes
3391,Poreč,MKR,1950-1954,MU Poreč,yes
3392,Poreč,MKR,1958,MU Poreč,yes
3393,Poreč,MKR,1959-1963,MU Poreč,yes
3394,Poreč,MKV,1657-1705,DAPA,no
3395,Poreč,MKV,1710-1733,DAPA,no
3396,Poreč,MKV,1733-1753,DAPA,no
3397,Poreč,MKV,1753-1803,DAPA,no
3398,Poreč,MKV,1803-1811,DAPA,no
3399,Poreč,MKV,1813-1815,DAPA,no
3400,Poreč,MKV,1815-1825,DAPA,no
3401,Poreč,MKV,1842-1870,DAPA,no
3402,Poreč,MKV,1870-1887,DAPA,no
3403,Poreč,MKV,1888-1911,DAPA,yes
3404,Poreč,MKV,1912-1929,BA Poreč,yes
3405,Poreč,MKV,1924,MU Poreč,yes
3406,Poreč,MKV,1925,MU Poreč,yes
3407,Poreč,MKV,1926,MU Poreč,yes
3408,Poreč,MKV,1927,MU Poreč,yes
3409,Poreč,MKV,1928,MU Poreč,yes
3410,Poreč,MKV,1929,MU Poreč,yes
3411,Poreč,MKV,1929-1935,ŽU Poreč,yes
3412,Poreč,MKV,1930,MU Poreč,yes
3413,Poreč,MKV,1931,MU Poreč,yes
3414,Poreč,MKV,1932,MU Poreč,yes
3415,Poreč,MKV,1933,MU Poreč,yes
3416,Poreč,MKV,1934,MU Poreč,yes
3417,Poreč,MKV,1935,MU Poreč,yes
3418,Poreč,MKV,1935-1942,ŽU Poreč,yes
3419,Poreč,MKV,1936,MU Poreč,yes
3420,Poreč,MKV,1937,MU Poreč,yes
3421,Poreč,MKV,1938,MU Poreč,yes
3422,Poreč,MKV,1939,MU Poreč,yes
3423,Poreč,MKV,1940,MU Poreč,yes
3424,Poreč,MKV,1941,MU Poreč,yes
3425,Poreč,MKV,1942,MU Poreč,yes
3426,Poreč,MKV,1942-1948,ŽU Poreč,yes
3427,Poreč,MKV,1943,MU Poreč,yes
3428,Poreč,MKV,1944,MU Poreč,yes
3429,Poreč,MKV,1944-1947,MU Poreč,yes
3430,Poreč,MKV,1945-1946,MU Poreč,yes
3431,Poreč,MKV,1947-1948,MU Poreč,yes
3432,Poreč,MKV,1948,MU Poreč,yes
3433,Poreč,MKV,1949-1950,MU Poreč,yes
3434,Poreč,MKV,1950-1954,MU Poreč,yes
3435,Poreč,MKV,1954-1958,MU Poreč,yes
3436,Poreč,MKV,1959-1968,MU Poreč,yes
3437,Poreč,MKU,1710-1733,DAPA,no
3438,Poreč,MKU,1733-1753,DAPA,no
3439,Poreč,MKU,1753-1782,DAPA,no
3440,Poreč,MKU,1777-1788,DAPA,no
3441,Poreč,MKU,1783-1807,DAPA,no
3442,Poreč,MKU,1788-1793,DAPA,no
3443,Poreč,MKU,1798-1829,DAPA,no
3444,Poreč,MKU,1807-1816,DAPA,no
3445,Poreč,MKU,1815-1838,DAPA,no
3446,Poreč,MKU,1838-1841,DAPA,no
3447,Poreč,MKU,1838-1887,DAPA,no
3448,Poreč,MKU,1842-1843,DAPA,no
3449,Poreč,MKU,1844-1845,DAPA,no
3450,Poreč,MKU,1846-1847,DAPA,no
3451,Poreč,MKU,1887-1930,BA Poreč,yes
3452,Poreč,MKU,1924,MU Poreč,yes
3453,Poreč,MKU,1925,MU Poreč,yes
3454,Poreč,MKU,1926,MU Poreč,yes
3455,Poreč,MKU,1927,MU Poreč,yes
3456,Poreč,MKU,1928,MU Poreč,yes
3457,Poreč,MKU,1929,MU Poreč,yes
3458,Poreč,MKU,1929-1935,ŽU Poreč,no
3459,Poreč,MKU,1929-1962,ŽU Poreč,no
3460,Poreč,MKU,1930,MU Poreč,yes
3461,Poreč,MKU,1931,MU Poreč,yes
3462,Poreč,MKU,1931-1953,ŽU Poreč,yes
3463,Poreč,MKU,1932,MU Poreč,yes
3464,Poreč,MKU,1933,MU Poreč,yes
3465,Poreč,MKU,1934,MU Poreč,yes
3466,Poreč,MKU,1935,MU Poreč,yes
3467,Poreč,MKU,1935-1942,ŽU Poreč,no
3468,Poreč,MKU,1936,MU Poreč,yes
3469,Poreč,MKU,1937,MU Poreč,yes
3470,Poreč,MKU,1938,MU Poreč,yes
3471,Poreč,MKU,1939,MU Poreč,yes
3472,Poreč,MKU,1940,MU Poreč,yes
3473,Poreč,MKU,1941,MU Poreč,yes
3474,Poreč,MKU,1942,MU Poreč,yes
3475,Poreč,MKU,1942-1948,ŽU Poreč,no
3476,Poreč,MKU,1943,MU Poreč,yes
3477,Poreč,MKU,1944-1947,MU Poreč,yes
3478,Poreč,MKU,1945-1946,MU Poreč,yes
3479,Poreč,MKU,1947-1948,MU Poreč,yes
3480,Poreč,MKU,1949-1952,MU Poreč,yes
3481,Poreč,MKU,1952-1958,MU Poreč,yes
3482,Poreč,MKU,1959-1979,MU Poreč,yes
3483,Poreč,SD,1862,ŽU Katedrala Poreč,yes
3484,Poreč,SD,XIX-XX. st.,ŽU Katedrala Poreč,yes
3485,Poreč,SD,XIX-XX. st.,ŽU Katedrala Poreč,yes
3486,Poreč,SD,XIX-XX. st.,ŽU Katedrala Poreč,yes
4841,Svetvinčenat,MKR,1568-1588,DAPA,no
4842,Svetvinčenat,MKR,1589-1647,DAPA,no
4843,Svetvinčenat,MKR,1663-1708,DAPA,no
4844,Svetvinčenat,MKR,1709-1764,DAPA,no
4845,Svetvinčenat,MKR,1764-1791,DAPA,no
4846,Svetvinčenat,MKR,1785-1790,ŽU Svetvinčenat,yes
4847,Svetvinčenat,MKR,1791-1815,ŽU Svetvinčenat,yes
4848,Svetvinčenat,MKR,1803-1807,ŽU Svetvinčenat,yes
4849,Svetvinčenat,MKR,1815-1854,DAPA,no
4850,Svetvinčenat,MKR,1855-1874,DAPA,no
4851,Svetvinčenat,MKR,1855-1892,ŽU Svetvinčenat,yes
4852,Svetvinčenat,MKR,1874-1893,DAPA,yes
4853,Svetvinčenat,MKR,1894-1912,BA Poreč,yes
4854,Svetvinčenat,MKR,1913-1940,BA Poreč,yes
4855,Svetvinčenat,MKR,1924,MU Pula - MP Svetvinčenat,yes
4856,Svetvinčenat,MKR,1925,MU Pula - MP Svetvinčenat,yes
4857,Svetvinčenat,MKR,1926,MU Pula - MP Svetvinčenat,yes
4858,Svetvinčenat,MKR,1927,MU Pula - MP Svetvinčenat,yes
4859,Svetvinčenat,MKR,1928,MU Pula - MP Svetvinčenat,yes
4860,Svetvinčenat,MKR,1929,MU Pula - MP Svetvinčenat,yes
4861,Svetvinčenat,MKR,1930,MU Pula - MP Svetvinčenat,yes
4862,Svetvinčenat,MKR,1931,MU Pula - MP Svetvinčenat,yes
4863,Svetvinčenat,MKR,1932,MU Pula - MP Svetvinčenat,yes
4864,Svetvinčenat,MKR,1932,MU Pula - MP Svetvinčenat,yes
4865,Svetvinčenat,MKR,1933,MU Pula - MP Svetvinčenat,yes
4866,Svetvinčenat,MKR,1934,MU Pula - MP Svetvinčenat,yes
4867,Svetvinčenat,MKR,1935,MU Pula - MP Svetvinčenat,yes
4868,Svetvinčenat,MKR,1936,MU Pula - MP Svetvinčenat,yes
4869,Svetvinčenat,MKR,1937,MU Pula - MP Svetvinčenat,yes
4870,Svetvinčenat,MKR,1938,MU Pula - MP Svetvinčenat,yes
4871,Svetvinčenat,MKR,1939,MU Pula - MP Svetvinčenat,yes
4872,Svetvinčenat,MKR,1940,MU Pula - MP Svetvinčenat,yes
4873,Svetvinčenat,MKR,1940,MU Pula - MP Svetvinčenat,yes
4874,Svetvinčenat,MKR,1940-1986,ŽU Svetvinčenat,yes
4875,Svetvinčenat,MKR,1941,MU Pula - MP Svetvinčenat,yes
4876,Svetvinčenat,MKR,1942,MU Pula - MP Svetvinčenat,yes
4877,Svetvinčenat,MKR,1943,MU Pula - MP Svetvinčenat,yes
4878,Svetvinčenat,MKR,1943-1948.1951,MU Pula - MP Svetvinčenat,yes
4879,Svetvinčenat,MKR,1944,MU Pula - MP Svetvinčenat,yes
4880,Svetvinčenat,MKR,1947-1949,MU Pula - MP Svetvinčenat,yes
4881,Svetvinčenat,MKR,1949-1952,MU Pula - MP Svetvinčenat,yes
4882,Svetvinčenat,MKR,1952-1956,MU Pula - MP Svetvinčenat,yes
4883,Svetvinčenat,MKR,1956-1958,MU Pula,yes
4884,Svetvinčenat,MKR,1959-1969,MU Pula,yes
4885,Svetvinčenat,MKV,1581-1589.1622-1623,DAPA,no
4886,Svetvinčenat,MKV,1588-1674,ŽU Svetvinčenat,yes
4887,Svetvinčenat,MKV,1674-1762,ŽU Svetvinčenat,yes
4888,Svetvinčenat,MKV,1762-1815,DAPA,no
4889,Svetvinčenat,MKV,1815-1858,DAPA,no
4890,Svetvinčenat,MKV,1855-1895,DAPA,no
4891,Svetvinčenat,MKV,1895-1942,BA Poreč,yes
4892,Svetvinčenat,MKV,1924,MU Pula - MP Svetvinčenat,yes
4893,Svetvinčenat,MKV,1925,MU Pula - MP Svetvinčenat,yes
4894,Svetvinčenat,MKV,1926,MU Pula - MP Svetvinčenat,yes
4895,Svetvinčenat,MKV,1927,MU Pula - MP Svetvinčenat,yes
4896,Svetvinčenat,MKV,1928,MU Pula - MP Svetvinčenat,yes
4897,Svetvinčenat,MKV,1929,MU Pula - MP Svetvinčenat,yes
4898,Svetvinčenat,MKV,1930,MU Pula - MP Svetvinčenat,yes
4899,Svetvinčenat,MKV,1932,MU Pula - MP Svetvinčenat,yes
4900,Svetvinčenat,MKV,1933,MU Pula - MP Svetvinčenat,yes
4901,Svetvinčenat,MKV,1934,MU Pula - MP Svetvinčenat,yes
4902,Svetvinčenat,MKV,1935,MU Pula - MP Svetvinčenat,yes
4903,Svetvinčenat,MKV,1936,MU Pula - MP Svetvinčenat,yes
4904,Svetvinčenat,MKV,1937,MU Pula - MP Svetvinčenat,yes
4905,Svetvinčenat,MKV,1942-1964,ŽU Svetvinčenat,yes
4906,Svetvinčenat,MKV,1943-1945,MU Pula - MP Svetvinčenat,yes
4907,Svetvinčenat,MKV,1945-1948,MU Pula - MP Svetvinčenat,yes
4908,Svetvinčenat,MKV,1948-1950,MU Pula - MP Svetvinčenat,yes
4909,Svetvinčenat,MKV,1951-1954,MU Pula - MP Svetvinčenat,yes
4910,Svetvinčenat,MKV,1954-1958,MU Pula - MP Svetvinčenat,yes
4911,Svetvinčenat,MKV,1959-1969,MU Pula,yes
4912,Svetvinčenat,MKU,1668-1738,ŽU Svetvinčenat,yes
4913,Svetvinčenat,MKU,1739-1791,ŽU Svetvinčenat,yes
4914,Svetvinčenat,MKU,1787-1805,ŽU Svetvinčenat,yes
4915,Svetvinčenat,MKU,1788-1792,ŽU Svetvinčenat,yes
4916,Svetvinčenat,MKU,1791-1815,DAPA,no
4917,Svetvinčenat,MKU,1815-1858,DAPA,no
4918,Svetvinčenat,MKU,1859-1893,DAPA,no
4919,Svetvinčenat,MKU,1894-1917,DAPA,no
4920,Svetvinčenat,MKU,1918-1948,BA Poreč,yes
4921,Svetvinčenat,MKU,1924,MU Pula - MP Svetvinčenat,yes
4922,Svetvinčenat,MKU,1925,MU Pula - MP Svetvinčenat,yes
4923,Svetvinčenat,MKU,1926,MU Pula - MP Svetvinčenat,yes
4924,Svetvinčenat,MKU,1927,MU Pula - MP Svetvinčenat,yes
4925,Svetvinčenat,MKU,1928,MU Pula - MP Svetvinčenat,yes
4926,Svetvinčenat,MKU,1929,MU Pula - MP Svetvinčenat,yes
4927,Svetvinčenat,MKU,1930,MU Pula - MP Svetvinčenat,yes
4928,Svetvinčenat,MKU,1932,MU Pula - MP Svetvinčenat,yes
4929,Svetvinčenat,MKU,1932,MU Pula - MP Svetvinčenat,yes
4930,Svetvinčenat,MKU,1932,MU Pula - MP Svetvinčenat,yes
4931,Svetvinčenat,MKU,1933,MU Pula - MP Svetvinčenat,yes
4932,Svetvinčenat,MKU,1934,MU Pula - MP Svetvinčenat,yes
4933,Svetvinčenat,MKU,1935,MU Pula - MP Svetvinčenat,yes
4934,Svetvinčenat,MKU,1936,MU Pula - MP Svetvinčenat,yes
4935,Svetvinčenat,MKU,1937,MU Pula - MP Svetvinčenat,yes
4936,Svetvinčenat,MKU,1944-1949,MU Pula - MP Svetvinčenat,yes
4937,Svetvinčenat,MKU,1949-1955,MU Pula - MP Svetvinčenat,yes
4938,Svetvinčenat,MKU,1949-1987,ŽU Svetvinčenat,yes
4939,Svetvinčenat,MKU,1955-1958,MU Pula,yes
4940,Svetvinčenat,MKU,1959-1969,MU Pula,yes
4941,Svetvinčenat,SD,1734-1735,ŽU Svetvinčenat,yes
4942,Svetvinčenat,SD,1800,ŽU Svetvinčenat,yes
4943,Svetvinčenat,SD,1800/1816,ŽU Svetvinčenat,yes
4944,Svetvinčenat,SD,XIX-XX. st.,ŽU Svetvinčenat,yes
4945,Svetvinčenat,SD,XIX-XX. st.,ŽU Svetvinčenat,yes
5241,Umag / Umago,MKR,1483-1643,ŽU Umag,yes
5242,Umag / Umago,MKR,1694-1746,ŽU Umag,yes
5243,Umag / Umago,MKR,1729-1789,ŽU Umag,yes
5244,Umag / Umago,MKR,1790-1821,ŽU Umag,yes
5245,Umag / Umago,MKR,1811-1811,ŽU Umag,yes
5246,Umag / Umago,MKR,1816-1821.1898-1904,ŽU Umag,yes
5247,Umag / Umago,MKR,1824-1839,ŽU Umag,yes
5248,Umag / Umago,MKR,1840-1866,ŽU Umag,yes
5249,Umag / Umago,MKR,1867-1879,ŽU Umag,yes
5250,Umag / Umago,MKR,1880-1910,ŽU Umag,yes
5251,Umag / Umago,MKR,1890-1897,DAPA,yes
5252,Umag / Umago,MKR,1897-1904,DAPA,yes
5253,Umag / Umago,MKR,1904-1909,MU Umag,yes
5254,Umag / Umago,MKR,1909-1914,MU Umag,yes
5255,Umag / Umago,MKR,1911-1924,ŽU Umag,yes
5256,Umag / Umago,MKR,1914-1921,MU Umag,yes
5257,Umag / Umago,MKR,1921-1923,MU Umag,yes
5258,Umag / Umago,MKR,1924,MU Umag,yes
5259,Umag / Umago,MKR,1924-1930,ŽU Umag,yes
5260,Umag / Umago,MKR,1925,MU Umag,yes
5261,Umag / Umago,MKR,1926,MU Umag,yes
5262,Umag / Umago,MKR,1927,MU Umag,yes
5263,Umag / Umago,MKR,1928,MU Umag,yes
5264,Umag / Umago,MKR,1929,MU Umag,yes
5265,Umag / Umago,MKR,1930,MU Umag,yes
5266,Umag / Umago,MKR,1931,MU Umag,yes
5267,Umag / Umago,MKR,1931-1947,ŽU Umag,yes
5268,Umag / Umago,MKR,1932,MU Umag,yes
5269,Umag / Umago,MKR,1933,MU Umag,yes
5270,Umag / Umago,MKR,1934,MU Umag,yes
5271,Umag / Umago,MKR,1935,MU Umag,yes
5272,Umag / Umago,MKR,1936,MU Umag,yes
5273,Umag / Umago,MKR,1937,MU Umag,yes
5274,Umag / Umago,MKR,1938,MU Umag,yes
5275,Umag / Umago,MKR,1939,MU Umag,yes
5276,Umag / Umago,MKR,1940,MU Umag,yes
5277,Umag / Umago,MKR,1941,MU Umag,yes
5278,Umag / Umago,MKR,1942,MU Umag,yes
5279,Umag / Umago,MKR,1943,MU Umag,yes
5280,Umag / Umago,MKR,1944,MU Umag,yes
5281,Umag / Umago,MKR,1945,MU Umag,yes
5282,Umag / Umago,MKR,1946,MU Umag,yes
5283,Umag / Umago,MKR,1947-1948,MU Umag,yes
5284,Umag / Umago,MKR,1949-1949,MU Umag,yes
5285,Umag / Umago,MKR,1950-1956,MU Umag,yes
5286,Umag / Umago,MKR,1956-1957,MU Umag,yes
5287,Umag / Umago,MKR,1958,MU Umag,yes
5288,Umag / Umago,MKR,1959-1962,MU Umag,yes
5289,Umag / Umago,MKR,1962-1967,MU Umag,yes
5290,Umag / Umago,MKV,1602/1697,ŽU Umag,yes
5291,Umag / Umago,MKV,1780-1824,ŽU Umag,yes
5292,Umag / Umago,MKV,1812-1812,ŽU Umag,yes
5293,Umag / Umago,MKV,1816-1822,ŽU Umag,yes
5294,Umag / Umago,MKV,1824-1857,ŽU Umag,yes
5295,Umag / Umago,MKV,1858-1906,ŽU Umag,yes
5296,Umag / Umago,MKV,1907-1924,ŽU Umag,yes
5297,Umag / Umago,MKV,1924,MU Umag,yes
5298,Umag / Umago,MKV,1924-1952,ŽU Umag,yes
5299,Umag / Umago,MKV,1925,MU Umag,yes
5300,Umag / Umago,MKV,1926,MU Umag,yes
5301,Umag / Umago,MKV,1927,MU Umag,yes
5302,Umag / Umago,MKV,1928,MU Umag,yes
5303,Umag / Umago,MKV,1929,MU Umag,yes
5304,Umag / Umago,MKV,1930,MU Umag,yes
5305,Umag / Umago,MKV,1930-1935,ŽU Umag,yes
5306,Umag / Umago,MKV,1931,MU Umag,yes
5307,Umag / Umago,MKV,1932,MU Umag,yes
5308,Umag / Umago,MKV,1933,MU Umag,yes
5309,Umag / Umago,MKV,1934,MU Umag,yes
5310,Umag / Umago,MKV,1935,MU Umag,yes
5311,Umag / Umago,MKV,1936,MU Umag,yes
5312,Umag / Umago,MKV,1936-1945,ŽU Umag,yes
5313,Umag / Umago,MKV,1937,MU Umag,yes
5314,Umag / Umago,MKV,1938,MU Umag,yes
5315,Umag / Umago,MKV,1939,MU Umag,yes
5316,Umag / Umago,MKV,1940,MU Umag,yes
5317,Umag / Umago,MKV,1941,MU Umag,yes
5318,Umag / Umago,MKV,1942,MU Umag,yes
5319,Umag / Umago,MKV,1943,MU Umag,yes
5320,Umag / Umago,MKV,1944,MU Umag,yes
5321,Umag / Umago,MKV,1945,MU Umag,yes
5322,Umag / Umago,MKV,1945-1956,ŽU Umag,yes
5323,Umag / Umago,MKV,1946,MU Umag,yes
5324,Umag / Umago,MKV,1947-1949,MU Umag,yes
5325,Umag / Umago,MKV,1950-1954,MU Umag,yes
5326,Umag / Umago,MKV,1953-1987,ŽU Umag,yes
5327,Umag / Umago,MKV,1955,MU Umag,yes
5328,Umag / Umago,MKV,1956-1958,MU Umag,yes
5329,Umag / Umago,MKV,1959-1982,MU Umag,yes
5330,Umag / Umago,MKU,1696-1738,ŽU Umag,yes
5331,Umag / Umago,MKU,1744-1793,ŽU Umag,yes
5332,Umag / Umago,MKU,1793-1825,ŽU Umag,yes
5333,Umag / Umago,MKU,1811-1811,ŽU Umag,yes
5334,Umag / Umago,MKU,1824-1857,ŽU Umag,yes
5335,Umag / Umago,MKU,1858-1885,ŽU Umag,yes
5336,Umag / Umago,MKU,1886-1913,ŽU Umag,yes
5337,Umag / Umago,MKU,1914-1924,ŽU Umag,yes
5338,Umag / Umago,MKU,1924,MU Umag,yes
5339,Umag / Umago,MKU,1924-1936,ŽU Umag,yes
5340,Umag / Umago,MKU,1925,MU Umag,yes
5341,Umag / Umago,MKU,1926,MU Umag,yes
5342,Umag / Umago,MKU,1927,MU Umag,yes
5343,Umag / Umago,MKU,1928,MU Umag,yes
5344,Umag / Umago,MKU,1929,MU Umag,yes
5345,Umag / Umago,MKU,1930,MU Umag,yes
5346,Umag / Umago,MKU,1931,MU Umag,yes
5347,Umag / Umago,MKU,1932,MU Umag,yes
5348,Umag / Umago,MKU,1933,MU Umag,yes
5349,Umag / Umago,MKU,1934,MU Umag,yes
5350,Umag / Umago,MKU,1935,MU Umag,yes
5351,Umag / Umago,MKU,1936,MU Umag,yes
5352,Umag / Umago,MKU,1937,MU Umag,yes
5353,Umag / Umago,MKU,1937-1996,ŽU Umag,yes
5354,Umag / Umago,MKU,1938,MU Umag,yes
5355,Umag / Umago,MKU,1939,MU Umag,yes
5356,Umag / Umago,MKU,1940,MU Umag,yes
5357,Umag / Umago,MKU,1941,MU Umag,yes
5358,Umag / Umago,MKU,1942,MU Umag,yes
5359,Umag / Umago,MKU,1943,MU Umag,yes
5360,Umag / Umago,MKU,1944,MU Umag,yes
5361,Umag / Umago,MKU,1945,MU Umag,yes
5362,Umag / Umago,MKU,1946,MU Umag,yes
5363,Umag / Umago,MKU,1947-1949,MU Umag,yes
5364,Umag / Umago,MKU,1950-1954,MU Umag,yes
5365,Umag / Umago,MKU,1955-1958,MU Umag,yes
5366,Umag / Umago,MKU,1959-1977,MU Umag,yes
5367,Umag / Umago,SD,XVIII-XIX. st.,ŽU Umag,yes
5368,Umag / Umago,SD,XIX-XX. st.,ŽU Umag,yes
5505,Vižinada,MKR,1663-1732,ZMP,no
5506,Vižinada,MKR,1730-1792,DAPA,no
5507,Vižinada,MKR,1792-1828,DAPA,no
5508,Vižinada,MKR,1815-1830,DAPA,no
5509,Vižinada,MKR,1831-1886,DAPA,no
5510,Vižinada,MKR,1887-1934,BA Poreč,yes
5511,Vižinada,MKR,1911-1939,ŽU Vižinada,yes
5512,Vižinada,MKR,1924,MU Poreč,yes
5513,Vižinada,MKR,1925,MU Poreč,yes
5514,Vižinada,MKR,1926,MU Poreč,yes
5515,Vižinada,MKR,1927,MU Poreč,yes
5516,Vižinada,MKR,1928,MU Poreč,yes
5517,Vižinada,MKR,1929,MU Poreč,yes
5518,Vižinada,MKR,1930,MU Poreč,yes
5519,Vižinada,MKR,1931,MU Poreč,yes
5520,Vižinada,MKR,1932,MU Poreč,yes
5521,Vižinada,MKR,1933,MU Poreč,yes
5522,Vižinada,MKR,1934,MU Poreč,yes
5523,Vižinada,MKR,1935,MU Poreč,yes
5524,Vižinada,MKR,1935-1994,ŽU Vižinada,yes
5525,Vižinada,MKR,1936,MU Poreč,yes
5526,Vižinada,MKR,1937,MU Poreč,yes
5527,Vižinada,MKR,1938,MU Poreč,yes
5528,Vižinada,MKR,1939,MU Poreč,yes
5529,Vižinada,MKR,1940,MU Poreč,yes
5530,Vižinada,MKR,1941,MU Poreč,yes
5531,Vižinada,MKR,1942,MU Poreč,yes
5532,Vižinada,MKR,1943,MU Poreč,yes
5533,Vižinada,MKR,1944,MU Poreč,yes
5534,Vižinada,MKR,1945,MU Poreč,yes
5535,Vižinada,MKR,1948-1950,MU Poreč,yes
5536,Vižinada,MKR,1951-1960,MU Poreč,yes
5537,Vižinada,MKR,1961-1981,MU Poreč,yes
5538,Vižinada,MKV,1663-1823,DAPA,no
5539,Vižinada,MKV,1815/1832,DAPA,no
5540,Vižinada,MKV,1821-1827,DAPA,no
5541,Vižinada,MKV,1827-1829,DAPA,no
5542,Vižinada,MKV,1831-1888,DAPA,no
5543,Vižinada,MKV,1888-1946,BA Poreč,yes
5544,Vižinada,MKV,1924,MU Poreč,yes
5545,Vižinada,MKV,1925,MU Poreč,yes
5546,Vižinada,MKV,1926,MU Poreč,yes
5547,Vižinada,MKV,1927,MU Poreč,yes
5548,Vižinada,MKV,1928,MU Poreč,yes
5549,Vižinada,MKV,1929,MU Poreč,yes
5550,Vižinada,MKV,1930,MU Poreč,yes
5551,Vižinada,MKV,1931,MU Poreč,yes
5552,Vižinada,MKV,1932,MU Poreč,yes
5553,Vižinada,MKV,1933,MU Poreč,yes
5554,Vižinada,MKV,1934,MU Poreč,yes
5555,Vižinada,MKV,1935,MU Poreč,yes
5556,Vižinada,MKV,1936,MU Poreč,yes
5557,Vižinada,MKV,1937,MU Poreč,yes
5558,Vižinada,MKV,1938,MU Poreč,yes
5559,Vižinada,MKV,1939,MU Poreč,yes
5560,Vižinada,MKV,1940,MU Poreč,yes
5561,Vižinada,MKV,1941,MU Poreč,yes
5562,Vižinada,MKV,1942,MU Poreč,yes
5563,Vižinada,MKV,1943,MU Poreč,yes
5564,Vižinada,MKV,1944,MU Poreč,yes
5565,Vižinada,MKV,1945,MU Poreč,yes
5566,Vižinada,MKV,1946-1972,ŽU Vižinada,no
5567,Vižinada,MKV,1947-1950,MU Poreč,yes
5568,Vižinada,MKV,1951-1960,MU Poreč,yes
5569,Vižinada,MKV,1961-1980,MU Poreč,yes
5570,Vižinada,MKU,1662-1828,DAPA,no
5571,Vižinada,MKU,1815-1830,DAPA,no
5572,Vižinada,MKU,1831-1910,DAPA,yes
5573,Vižinada,MKU,1911-1947,BA Poreč,yes
5574,Vižinada,MKU,1924,MU Poreč,yes
5575,Vižinada,MKU,1925,MU Poreč,yes
5576,Vižinada,MKU,1926,MU Poreč,yes
5577,Vižinada,MKU,1927,MU Poreč,yes
5578,Vižinada,MKU,1928,MU Poreč,yes
5579,Vižinada,MKU,1929,MU Poreč,yes
5580,Vižinada,MKU,1930,MU Poreč,yes
5581,Vižinada,MKU,1930,MU Poreč,yes
5582,Vižinada,MKU,1931,MU Poreč,yes
5583,Vižinada,MKU,1932,MU Poreč,yes
5584,Vižinada,MKU,1933,MU Poreč,yes
5585,Vižinada,MKU,1934,MU Poreč,yes
5586,Vižinada,MKU,1935,MU Poreč,yes
5587,Vižinada,MKU,1936,MU Poreč,yes
5588,Vižinada,MKU,1937,MU Poreč,yes
5589,Vižinada,MKU,1938,MU Poreč,yes
5590,Vižinada,MKU,1939,MU Poreč,yes
5591,Vižinada,MKU,1940,MU Poreč,yes
5592,Vižinada,MKU,1941,MU Poreč,yes
5593,Vižinada,MKU,1942,MU Poreč,yes
5594,Vižinada,MKU,1943,MU Poreč,yes
5595,Vižinada,MKU,1944,MU Poreč,yes
5596,Vižinada,MKU,1945,MU Poreč,yes
5597,Vižinada,MKU,1946-1979,ŽU Vižinada,no
5598,Vižinada,MKU,1948-1950,MU Poreč,yes
5599,Vižinada,MKU,1951-1960,MU Poreč,yes
5600,Vižinada,MKU,1961-1980,MU Poreč,yes
5601,Vižinada,SD,1830,ŽU Vižinada,yes
5602,Vižinada,SD,1870,ŽU Vižinada,yes
5603,Vižinada,SD,1891,ŽU Vižinada,yes
5604,Vižinada,SD,1900,ŽU Vižinada,yes
5605,Vižinada,SD,XIX-XX. st.,ŽU Vižinada,yes
5609,Vodnjan / Dignano,MKR,1559-1641,ŽU Vodnjan,yes
5610,Vodnjan / Dignano,MKR,1641-1689,ŽU Vodnjan,yes
5611,Vodnjan / Dignano,MKR,1690-1723,ŽU Vodnjan,yes
5612,Vodnjan / Dignano,MKR,1723-1759,ŽU Vodnjan,yes
5613,Vodnjan / Dignano,MKR,1773-1816,ŽU Vodnjan,yes
5614,Vodnjan / Dignano,MKR,1815-1827,DAPA,no
5615,Vodnjan / Dignano,MKR,1827-1846,DAPA,no
5616,Vodnjan / Dignano,MKR,1847-1866,DAPA,no
5617,Vodnjan / Dignano,MKR,1867-1878,DAPA,no
5618,Vodnjan / Dignano,MKR,1879-1898,BA Poreč,yes
5619,Vodnjan / Dignano,MKR,1899-1910,BA Poreč,yes
5620,Vodnjan / Dignano,MKR,1910-1926,BA Poreč,yes
5621,Vodnjan / Dignano,MKR,1924,MU Vodnjan,yes
5622,Vodnjan / Dignano,MKR,1925,MU Vodnjan,yes
5623,Vodnjan / Dignano,MKR,1926,MU Vodnjan,yes
5624,Vodnjan / Dignano,MKR,1927,MU Vodnjan,yes
5625,Vodnjan / Dignano,MKR,1927-1944,ŽU Vodnjan,no
5626,Vodnjan / Dignano,MKR,1928,MU Vodnjan,yes
5627,Vodnjan / Dignano,MKR,1929,MU Vodnjan,yes
5628,Vodnjan / Dignano,MKR,1930,MU Vodnjan,yes
5629,Vodnjan / Dignano,MKR,1931,MU Vodnjan,yes
5630,Vodnjan / Dignano,MKR,1932,MU Vodnjan,yes
5631,Vodnjan / Dignano,MKR,1933,MU Vodnjan,yes
5632,Vodnjan / Dignano,MKR,1934,MU Vodnjan,yes
5633,Vodnjan / Dignano,MKR,1935,MU Vodnjan,yes
5634,Vodnjan / Dignano,MKR,1936,MU Vodnjan,yes
5635,Vodnjan / Dignano,MKR,1937,MU Vodnjan,yes
5636,Vodnjan / Dignano,MKR,1938,MU Vodnjan,yes
5637,Vodnjan / Dignano,MKR,1939,MU Vodnjan,yes
5638,Vodnjan / Dignano,MKR,1940,MU Vodnjan,yes
5639,Vodnjan / Dignano,MKR,1941,MU Vodnjan,yes
5640,Vodnjan / Dignano,MKR,1942,MU Vodnjan,yes
5641,Vodnjan / Dignano,MKR,1943,MU Vodnjan,yes
5642,Vodnjan / Dignano,MKR,1944,MU Vodnjan,yes
5643,Vodnjan / Dignano,MKR,1.945,MU Vodnjan,yes
5644,Vodnjan / Dignano,MKR,1945-1975,ŽU Vodnjan,no
5645,Vodnjan / Dignano,MKR,1946-1947,MU Vodnjan,yes
5646,Vodnjan / Dignano,MKR,1947-1958,MU Vodnjan,yes
5647,Vodnjan / Dignano,MKR,1959-1969,MU Vodnjan,yes
5648,Vodnjan / Dignano,MKV,1559-1813,ŽU Vodnjan,yes
5649,Vodnjan / Dignano,MKV,1596-1703,ŽU Vodnjan,yes
5650,Vodnjan / Dignano,MKV,1703-1809,ŽU Vodnjan,yes
5651,Vodnjan / Dignano,MKV,1815-1847,DAPA,no
5652,Vodnjan / Dignano,MKV,1848-1867,DAPA,no
5653,Vodnjan / Dignano,MKV,1867-1884,DAPA,no
5654,Vodnjan / Dignano,MKV,1885-1913,BA Poreč,yes
5655,Vodnjan / Dignano,MKV,1914-1949,BA Poreč,yes
5656,Vodnjan / Dignano,MKV,1924,MU Vodnjan,yes
5657,Vodnjan / Dignano,MKV,1925,MU Vodnjan,yes
5658,Vodnjan / Dignano,MKV,1926,MU Vodnjan,yes
5659,Vodnjan / Dignano,MKV,1927,MU Vodnjan,yes
5660,Vodnjan / Dignano,MKV,1928,MU Vodnjan,yes
5661,Vodnjan / Dignano,MKV,1929,MU Vodnjan,yes
5662,Vodnjan / Dignano,MKV,1929,MU Vodnjan,yes
5663,Vodnjan / Dignano,MKV,1929,MU Vodnjan,yes
5664,Vodnjan / Dignano,MKV,1930,MU Vodnjan,yes
5665,Vodnjan / Dignano,MKV,1.931,MU Vodnjan,yes
5666,Vodnjan / Dignano,MKV,1931-1939,ŽU Vodnjan,yes
5667,Vodnjan / Dignano,MKV,1932,MU Vodnjan,yes
5668,Vodnjan / Dignano,MKV,1933,MU Vodnjan,yes
5669,Vodnjan / Dignano,MKV,1934,MU Vodnjan,yes
5670,Vodnjan / Dignano,MKV,1935,MU Vodnjan,yes
5671,Vodnjan / Dignano,MKV,1936,MU Vodnjan,yes
5672,Vodnjan / Dignano,MKV,1937,MU Vodnjan,yes
5673,Vodnjan / Dignano,MKV,1937,MU Vodnjan,yes
5674,Vodnjan / Dignano,MKV,1937,MU Vodnjan,yes
5675,Vodnjan / Dignano,MKV,1938,MU Vodnjan,yes
5676,Vodnjan / Dignano,MKV,1939,MU Vodnjan,yes
5677,Vodnjan / Dignano,MKV,1939,MU Vodnjan,yes
5678,Vodnjan / Dignano,MKV,1940,MU Vodnjan,yes
5679,Vodnjan / Dignano,MKV,1940-1949,ŽU Vodnjan,yes
5680,Vodnjan / Dignano,MKV,1941,MU Vodnjan,yes
5681,Vodnjan / Dignano,MKV,1942,MU Vodnjan,yes
5682,Vodnjan / Dignano,MKV,1943,MU Vodnjan,yes
5683,Vodnjan / Dignano,MKV,1944,MU Vodnjan,yes
5684,Vodnjan / Dignano,MKV,1944,MU Vodnjan,yes
5685,Vodnjan / Dignano,MKV,1945,MU Vodnjan,yes
5686,Vodnjan / Dignano,MKV,1945,MU Vodnjan,yes
5687,Vodnjan / Dignano,MKV,1946-1947,MU Vodnjan,yes
5688,Vodnjan / Dignano,MKV,1947-1953,MU Vodnjan,yes
5689,Vodnjan / Dignano,MKV,1950-,ŽU Vodnjan,no
5690,Vodnjan / Dignano,MKV,1953-1958,MU Vodnjan,yes
5691,Vodnjan / Dignano,MKV,1959-1969,MU Vodnjan,yes
5692,Vodnjan / Dignano,MKU,1573-1704,ŽU Vodnjan,yes
5693,Vodnjan / Dignano,MKU,1714-1762,ŽU Vodnjan,yes
5694,Vodnjan / Dignano,MKU,1762-1802,ŽU Vodnjan,yes
5695,Vodnjan / Dignano,MKU,1802-1812,ŽU Vodnjan,yes
5696,Vodnjan / Dignano,MKU,1813-1816,ŽU Vodnjan,yes
5697,Vodnjan / Dignano,MKU,1815-1833,DAPA,no
5698,Vodnjan / Dignano,MKU,1834-1849,DAPA,no
5699,Vodnjan / Dignano,MKU,1850-1859,DAPA,no
5700,Vodnjan / Dignano,MKU,1860-1893,DAPA,no
5701,Vodnjan / Dignano,MKU,1894-1923,BA Poreč,yes
5702,Vodnjan / Dignano,MKU,1923-1949,BA Poreč,yes
5703,Vodnjan / Dignano,MKU,1924,MU Vodnjan,yes
5704,Vodnjan / Dignano,MKU,1925,MU Vodnjan,yes
5705,Vodnjan / Dignano,MKU,1926,MU Vodnjan,yes
5706,Vodnjan / Dignano,MKU,1927,MU Vodnjan,yes
5707,Vodnjan / Dignano,MKU,1928,MU Vodnjan,yes
5708,Vodnjan / Dignano,MKU,1929,MU Vodnjan,yes
5709,Vodnjan / Dignano,MKU,1930,MU Vodnjan,yes
5710,Vodnjan / Dignano,MKU,1931,MU Vodnjan,yes
5711,Vodnjan / Dignano,MKU,1932,MU Vodnjan,yes
5712,Vodnjan / Dignano,MKU,1933,MU Vodnjan,yes
5713,Vodnjan / Dignano,MKU,1934,MU Vodnjan,yes
5714,Vodnjan / Dignano,MKU,1935,MU Vodnjan,yes
5715,Vodnjan / Dignano,MKU,1936,MU Vodnjan,yes
5716,Vodnjan / Dignano,MKU,1937,MU Vodnjan,yes
5717,Vodnjan / Dignano,MKU,1938,MU Vodnjan,yes
5718,Vodnjan / Dignano,MKU,1939,MU Vodnjan,yes
5719,Vodnjan / Dignano,MKU,1940,MU Vodnjan,yes
5720,Vodnjan / Dignano,MKU,1941,MU Vodnjan,yes
5721,Vodnjan / Dignano,MKU,1942,MU Vodnjan,yes
5722,Vodnjan / Dignano,MKU,1943,MU Vodnjan,yes
5723,Vodnjan / Dignano,MKU,1944,MU Vodnjan,yes
5724,Vodnjan / Dignano,MKU,1945-,ŽU Vodnjan,no
5725,Vodnjan / Dignano,MKU,1945,MU Vodnjan,yes
5726,Vodnjan / Dignano,MKU,1946-1947,MU Vodnjan,yes
5727,Vodnjan / Dignano,MKU,1947-1956,MU Vodnjan,yes
5728,Vodnjan / Dignano,MKU,1959-1969,MU Vodnjan,yes
5729,Vodnjan / Dignano,SD,1808,ŽU Vodnjan,yes
5730,Vodnjan / Dignano,SD,1819,ŽU Vodnjan,yes
5731,Vodnjan / Dignano,SD,1819,ŽU Vodnjan,yes
5732,Vodnjan / Dignano,SD,1822,ŽU Vodnjan,yes
5733,Vodnjan / Dignano,SD,1842,ŽU Vodnjan,yes
5734,Vodnjan / Dignano,SD,1853,ŽU Vodnjan,yes
5735,Vodnjan / Dignano,SD,1853,ŽU Vodnjan,yes
5736,Vodnjan / Dignano,SD,1853,ŽU Vodnjan,yes
5737,Vodnjan / Dignano,SD,1853,ŽU Vodnjan,yes
5738,Vodnjan / Dignano,SD,XIX-XX. st.,ŽU Vodnjan,yes
5739,Vodnjan / Dignano,SD,XIX-XX. st.,ŽU Vodnjan,yes
5740,Vodnjan / Dignano,SD,XIX-XX. st.,ŽU Vodnjan,yes
5741,Vodnjan / Dignano,SD,1910,ŽU Vodnjan,yes
