parish,waypoint_id
Albanasi (Zadar),"9R2S-MJ7:391644801,392042201"
Aleksinica,"9RKB-N3F:391644801,391734601"
Aljmaš,"9R2Q-L29:391644801,392133301"
Andrijaševci,"9R2Q-L27:391644801,392133501"
Andrijevci,"9RKB-L2Q:391644801,391734701"
Babina Greda,"9RKB-N38:391644801,391736601"
Babino Polje,"9R24-PYD:391644801,392156701"
Badanj (Drniš),"9R2S-MNB:391644801,392043601"
Bajagić (Sinj),"9R2S-92C:391644801,392043801"
Bakar,"9R2H-N3N:391644801,392346801"
"Bakar, Kostrena Sv. Barbara","9R2W-929:391644801,392146001"
Bale,"9R2H-BZW:391644801,392361101"
Banići,"9R24-RM9:391644801,392157201"
Banj,"9R2S-SPN:391644801,392044101"
Banjevci,"9R2S-W32:391644801,392045501"
Banjol,"9R2S-4WR:391644801,392045801"
Bapska,"9R2Q-K68:391644801,392133701"
Barban,"9R2C-PYS:391644801,392362701"
Barbat na Rabu,"9R2S-K6Y:391644801,392046301"
Bartolovec,"9RKB-VZ8:391644801,391740101"
Baška,"9R29-BZH:391644801,392077701"
Bast i Baška Voda,"9R2S-2NL:391644801,392046701"
Batina (Beli Manastir),"9R2Q-VZ3:391644801,391644202"
Bebrina,"9RKB-VZ6:391644801,391742301"
Bedekovčina,"9R23-FM7:391644801,392113101"
Bedenica,"9RKB-RM7:391644801,391744201"
Bednja,"9RKB-VZ9:391644801,391745301"
Bela,"9RKB-GPY:391644801,391751501"
Belec,"9R2M-GPD:391644801,392038301"
Belej (Mali Lošinj),"9R28-N3D:391644801,392348601"
Belica,"9RKB-GP1:391644801,391750201"
Beli (Mali Lošinj),"9R29-BZW:391644801,392078301"
Beli Manastir,"9R2Q-16G:391644801,391715001"
Benkovac,"9R2S-GPD:391644801,391774301"
Berak,"9R2Q-16R:391644801,392134301"
Betina,"9R2S-L27:391644801,392047001"
Bibinje,"9R2S-44M:391644801,392047101"
Bilaj,"9RKB-GPN:391644801,391760201"
Bilje,"9R2Q-YWB:391644801,391653201"
Biograd na moru,"9R29-16G:391644801,392047401"
Bisag,"9RKB-VZC:391644801,391752301"
Biškupec,"9RKB-GPX:391644801,391758401"
Bistra,"9RKB-JWR:391644801,391753701"
Bitelić,"9R29-BZ8:391644801,392048301"
Bizovac,"9R2Q-W3L:391644801,392135001"
Bjelovar,"9RKB-N3J:391644801,391673401"
Blato (Korčula),"9R2W-K6K:391644801,392157501"
Bobovišća,"9R29-YW5:391644801,392048701"
Bogdanovci,"9R23-VZV:391644801,392120801"
Bokanjac,"9R2S-W38:391644801,392048901"
Bol,"9R29-PY3:391644801,392049001"
Boljun,"9R2S-K65:391644801,392068001"
Bolnica Dubrovnik,"9R2W-GPX:391644801,392155801"
Bolnica (Zadar),"9R2C-DPX:391644801,392306601"
Boraja,"9R26-2NR:391644801,392424202"
Borovci,"9R2W-2NP:391644801,392173501"
Bošnjaci,"9R2Q-W3V:391644801,392135101"
Božava,"9R2S-K6X:391644801,392050401"
Branjina,"9R2Q-T3X:391644801,391710601"
Branjin Vrh,"9R2Q-C6P:391644801,392132201"
Brbinj,"9R2S-FM9:391644801,392050501"
Brckovljani,"9RK1-MJM:391644801,391767901"
Brdovec,"9RK1-MN5:391644801,391770001"
Bregi,"9RKB-N3R:391644801,391774101"
Brestovac,"9RKB-N3Y:391644801,391775201"
Brest (Perjasica),"9RKB-NQM:391644801,391775101"
Brezovica,"9RKB-JW1:391644801,391777801"
Brgat,"9R2D-RMS:391644801,392423301"
Brgulje,"9R2S-7MF:391644801,392050901"
Bribir,"9RKB-JWL:391644801,391644802"
Bribir (Šibenik),"9R2S-7MS:391644801,392051001"
Brinje,"9R2D-W3K:391644801,392418401"
Briševo (Zadar),"9R2S-7M6:391644801,392051101"
Bristivica (Trogir),"9R2W-L2C:391644801,392173401"
Brlog,"9RKB-HZ3:391644801,391662501"
Brođanci,"9R2Q-ZJS:391644801,392132501"
Brod Moravice,"9RKB-ZNP:391644801,391667701"
Brod na Kupi,"9RKB-HZ9:391644801,391663601"
Brseč,"9R2C-927:391644801,392341801"
Brusje,"9R2S-K6J:391644801,392051301"
Bučica,"9R2W-J4K:391644801,392148001"
Bučje Brodsko,"9RKB-ZNL:391644801,391670301"
Budrovci,"9R2Q-PTY:391644801,392132901"
Buk,"9RKB-T3N:391644801,391779801"
Bukevje (Velika Gorica),"9R23-2NY:391644801,392136701"
Buzet,"9R2H-ZJM:391644801,392364901"
Bužim,"9RKB-RMK:391644801,391781501"
Čabar,"9RKB-DPX:391644801,391680301"
Čađavica,"9R29-SPF:391644801,392021901"
Čakovec,"9RKB-DPJ:391644801,391654801"
Čanak,"9R26-MNY:391644801,392416601"
Čara,"9R2C-HZV:391644801,392159501"
Carevdar,"9R2C-SP2:391644801,392321801"
Čazma,"9RKB-L29:391644801,391794601"
Čeminac,"9RK1-N3L:391644801,392022301"
Cerić,"9R2Q-PYM:391644801,392133001"
Cerje (Samobor),"9R2W-3Y7:391644801,392148101"
Cerna,"9R2Z-4W1:391644801,392323101"
Cernik (Nova Gradiška),"9RKB-N3L:391644801,391782601"
Cernik Primorski,"9R2C-SP6:391644801,392342201"
Cerovac,"9RKB-YWB:391644801,391789601"
Cesarica,"9RKB-T31:391644801,391791001"
Ciglena,"9RKB-YW5:391644801,391791201"
Čilipi,"9R2W-JWG:391644801,392159801"
Cirkvena,"9RKB-2NL:391644801,391792501"
Čista (Skradin),"9R2S-K6L:391644801,392051601"
Cres,"9R2H-HZD:391644801,392342801"
Crikvenica,"9RKB-DP8:391644801,391675201"
Crnac,"9R29-92Q:391644801,392021801"
Crnagora (Putniković),"9R24-BZG:391644801,392158901"
Crni Lug,"9R2C-MNP:391644801,392349201"
Crno (Zadar),"9R2S-K61:391644801,392051501"
Čučerje,"9RKB-YWT:391644801,391796901"
Ćunski (Lošinj),"9R29-YW1:391644801,392079101"
Čuntić,"9RK1-W3B:391644801,391799701"
Curzola,"9R2W-L23:391644801,392161501"
Cvetlin,"9R23-16X:391644801,392113401"
"Čvrstec, Sv. Petar","9RK1-W35:391644801,391799801"
Dabar (Otočac),"9RK1-BZZ:391644801,391801801"
Ðakovo,"9R23-PT5:391644801,392131401"
Dalj,"9RK1-FMH:391644801,391700501"
Danilo Kraljice,"9R26-N38:391644801,392424301"
Darda,"9RK1-GP8:391644801,391731501"
Daruvar,"9RKB-JWY:391644801,391769901"
Davor,"9RKB-J4S:391644801,391666501"
Dekanovec,"9R2W-R9S:391644801,392150401"
Ðelekovec,"9R2S-92Q:391644801,392039801"
Delnice,"9R2Z-ZJS:391644801,392349501"
Desinić,"9RKB-16R:391644801,391809801"
Desne,"9R2S-J43:391644801,392051801"
Dicmo Donje,"9R2S-92S:391644801,391780101"
Diklo,"9R2S-MNP:391644801,392052701"
Dinjiška (Pag),"9R2S-7MQ:391644801,392054501"
Divjake,"9RKB-C68:391644801,391731601"
Dobranje (Cista Provo),"9R2C-92H:391644801,392320701"
Dobranje (Zažablje),"9R2S-WQ7:391644801,392052801"
Dobrinj,"9R29-T3N:391644801,392065401"
Dobropoljana,"9R2S-W3R:391644801,392053101"
Dol (Hvar),"9R2S-44Z:391644801,392053401"
Doli,"9R2W-YWY:391644801,392160501"
Dol-Križišće,"9R28-ZNP:391644801,392356301"
Donja Brela,"9R2S-3Y9:391644801,392050701"
Donja Dubrava,"9RK1-FM6:391644801,391817801"
Donja Kupćina,"9R29-T3V:391644801,392075101"
Donja Stubica,"9RK1-C6K:391644801,391986901"
Donja Voća,"9R2S-K6K:391644801,392023701"
Donja Zelina,"9R2Q-4WL:391644801,392139101"
Donje Pazarište,"9R2M-DPJ:391644801,391966001"
Donje Selo (Split),"9R2S-4WL:391644801,392053501"
Donji Dolac,"9R2S-W3J:391644801,392053801"
Donji Humac,"9R24-G5M:391644801,392178101"
Donji Kosinj,"9RK1-ZJM:391644801,391859201"
Donji Kraljevec (Zlatar Bistrica),"9R2M-T3F:391644801,392037601"
Donji Miholjac,"9R29-6TY:391644801,392006401"
Donji Mosti,"9R2M-ZNL:391644801,391940501"
Donji Muć,"9R2W-T3G:391644801,392201601"
Donji Proložac,"9R24-YWY:391644801,392225601"
Donji Vidovec,"9R29-N36:391644801,392036601"
Donji Zagon,"9R2X-3TY:391644801,392414401"
Dračevac,"9R2H-DPK:391644801,392365401"
Dračevac Ninski,"9R2S-7M8:391644801,392054201"
Dračevac Zadarski,"9R2S-7MJ:391644801,392054401"
Draga Bašćanska,"9R2Z-FM7:391644801,392350501"
Draga (Rijeka),"9R28-PTT:391644801,392349901"
Dragišić,"9R2S-WQS:391644801,392054601"
Dragove,"9R2S-W3B:391644801,392054701"
Dragozetići,"9R2Z-FMC:391644801,392350901"
Draguč,"9R2H-16D:391644801,392365701"
"Dramalj, Sv. Jelena","9R29-3TT:391644801,391998101"
Draškovec,"9RKB-2J3:391644801,391813101"
Drašnice,"9R2S-DPG:391644801,392079601"
Draž,"9R2M-JWL:391644801,391650101"
Drenje (Ðakovo),"9R23-BZD:391644801,392131301"
Drenovci,"9RK1-Y4S:391644801,392007701"
Drivenik,"9RKB-2JM:391644801,391813601"
Drniš,"9R2S-SPK:391644801,391779601"
Drnje,"9R2S-926:391644801,392039601"
Drvenik (Makarska),"9R28-C6T:391644801,392325801"
Dubašnica,"9R29-RM4:391644801,392066501"
Dubica,"9RKB-2NP:391644801,391813801"
Dubočac,"9R2X-DPK:391644801,392415601"
Duboševica,"9R2M-926:391644801,391647001"
Dubovac (Karlovac),"9R23-BZ9:391644801,392117701"
Dubovec,"9R2C-3TP:391644801,392322501"
Dubranec,"9R23-2N1:391644801,392137001"
Dubrava (Vrbovec),"9RKB-16F:391644801,391816601"
Dubravice (Šibenik),"9R2S-VZ7:391644801,392081301"
Dubrovčan,"9R2M-MNL:391644801,391818601"
Dubrovnik-Grad,"9R2W-K66:391644801,392152101"
Dubrovnik-Pile,"9R2D-16J:391644801,392419901"
Duće (Almissa),"9R2S-GPL:391644801,392081401"
Dugo Selo,"9R2S-SPD:391644801,392075801"
Ðurđ,"9R2S-168:391644801,392098501"
Ðurđevac,"9R27-7MS:391644801,392140201"
Ðurđic (Križevci),"9RK1-92Z:391644801,391824301"
Ðurići,"9RK1-16K:391644801,392008801"
Dusina (Vrgorac),"9R2S-GPX:391644801,392081501"
Erdut,"9R29-W3K:391644801,391736201"
Farkašić,"9RKB-RMZ:391644801,391819101"
Fažana,"9R2H-BZX:391644801,392366101"
Ferdinandovac,"9RKB-RM4:391644801,391819601"
Feričanci,"9RK1-ZNT:391644801,392009101"
Filipana,"9R2H-YWP:391644801,392366301"
Filipjakov,"9R2W-RMS:391644801,392174301"
Funtana,"9R2H-GPT:391644801,392366501"
Fuškulin,"9R2H-GPV:391644801,392367901"
Fužine,"9RKB-Y47:391644801,391820101"
Gaj,"9RKB-VZ7:391644801,391821001"
Gala,"9R2W-RMX:391644801,392175401"
Galižana,"9R28-SPF:391644801,392377601"
Galovac (Zadar),"9RK1-VZH:391644801,392019101"
Garčin,"9RKB-K6K:391644801,391822501"
Gardun,"9R2W-2JZ:391644801,392175501"
Garešnica,"9RK1-W3T:391644801,391823301"
Gdinj,"9R2W-2NL:391644801,392175701"
Glina,"9RKB-RM9:391644801,391648601"
Glogovnica,"9RK1-7MS:391644801,391825701"
Gola,"9RK1-W32:391644801,391826301"
Gora,"9R23-16V:391644801,392116501"
Goričan,"9RKB-16G:391644801,391827201"
Gorica (Pag),"9R2C-T3B:391644801,392307401"
Gorica Svetojanska,"9R2S-SPX:391644801,392076401"
Gorica (Zadar),"9R2W-2N1:391644801,392175901"
Gornja Jelenska,"9R2M-GPJ:391644801,391839901"
Gornja Rijeka,"9RK1-PTB:391644801,391910201"
Gornja Stubica,"9RK1-BZD:391644801,391988501"
Gornje Pazarište,"9R2M-W3Y:391644801,391966301"
Gornje Selo,"9R2W-2J7:391644801,392176801"
Gornje Vrapče,"9R2S-FM7:391644801,392025101"
Gornji Bogičevci,"9RKB-16J:391644801,391766601"
Gornji Draganec,"9RK1-HZF:391644801,391811201"
Gornji Dubovec,"9RKB-GP5:391644801,391814701"
Gornji Humac,"9R24-GPT:391644801,392178301"
Gornji Kneginec,"9RKB-BZ9:391644801,391856001"
Gornji Kosinj,"9RKB-166:391644801,391859701"
Gornji Lipovac,"9RK1-J4M:391644801,391891101"
Gornji Mihaljevec,"9RK1-Y4Q:391644801,391957001"
Gornji Miklouš,"9R2H-L2C:391644801,392338401"
Gornji Stenjevac,"9RK1-HZ3:391644801,391986201"
Gornji Velemerić,"9R2Q-RMQ:391644801,392127501"
Gospić,"9RKB-GPG:391644801,391653101"
Goveđari,"9R26-W3T:391644801,392420701"
Grab,"9R2W-Y46:391644801,392176901"
Grabovac,"9R2W-Y4S:391644801,392177101"
Grabovac (Šestanovac),"9R2H-H89:391644801,392321001"
Gradac (Drniš),"9R2Z-HZC:391644801,392326501"
Gradac (Makarska),"9R24-92C:391644801,392177301"
Gradec,"9RK1-7MQ:391644801,391828201"
Gradin,"9R2X-16F:391644801,392412801"
Gradina (Poreč),"9R28-82X:391644801,392378101"
Gradina (Virovitica),"9RK1-L23:391644801,392009701"
Gradište,"9RK1-L29:391644801,392011001"
Granešina,"9RKB-N36:391644801,391828901"
Grimalda,"9R28-N3F:391644801,392378201"
Grižane,"9RKB-N3K:391644801,391830101"
Grobnik (Rijeka),"9R2X-N3V:391644801,392351201"
Grohote,"9R24-MNT:391644801,392177401"
Grubišno Polje,"9R2C-MNY:391644801,392339101"
Gruda (Ragusa),"9R2W-N35:391644801,392163101"
Gruž (Ragusa),"9R2W-N3B:391644801,392155301"
Gundinci,"9R2M-7MS:391644801,392011601"
Gušće,"9RKB-VZF:391644801,391830901"
Harkanovci,"9R2M-3TB:391644801,392011701"
Hercegovac,"9RKB-K66:391644801,391831601"
Hlebine,"9R2M-VZ3:391644801,392040501"
Hrašćina,"9RKB-L24:391644801,391832901"
Hrastovica,"9RKB-L2C:391644801,391832101"
Hreljin (Rejika),"9R2S-829:391644801,392067201"
Hrnetić,"9RKB-N3P:391644801,391834001"
Hrvace,"9R24-44H:391644801,392177701"
Hum Breznički,"9R29-ZNP:391644801,392037801"
Hum (Buzet),"9R28-N3G:391644801,392378301"
Hvar,"9RK1-GPY:391644801,392020001"
Igrane,"9R28-W32:391644801,392178401"
Imbrijovec,"9R29-RMF:391644801,392040701"
Imotski-Glavina,"9R2W-GPN:391644801,392178501"
Islam Latinski,"9R24-K68:391644801,392179001"
Ist,"9R24-FM9:391644801,392179201"
Ivanec,"9RKB-VZ3:391644801,391834901"
Ivanić Grad,"9RKB-VZJ:391644801,391836501"
Ivankovo,"9R2M-2NL:391644801,392012001"
Ivan (Poreč),"9R2S-HZ4:391644801,392068101"
Ivanska,"9RK1-ZNB:391644801,391836901"
Jablanac,"9R2D-3T5:391644801,392352401"
Jakov,"9R26-1XQ:391644801,392414301"
Jakšić,"9R2W-SP1:391644801,392148201"
"Jakuševec, Sv. Marko","9R2W-ZNY:391644801,392151301"
Jalžabet,"9RK1-92H:391644801,391837501"
Jame,"9R23-N3J:391644801,392116101"
Jamnica Pisarovinska,"9R27-N36:391644801,392143601"
Janjina,"9R24-82Z:391644801,392172901"
Jarmina,"9R29-C6Y:391644801,392013001"
Jasenice,"9R24-FM6:391644801,392179701"
Jasenovac,"9R2M-L23:391644801,391653501"
Jastrebarsko,"9R2M-BZH:391644801,391838801"
Jelenje,"9R2D-W3R:391644801,392353601"
Jesenice,"9R24-6YM:391644801,392179801"
Jesenje,"9RK1-82C:391644801,391840201"
Jezerane,"9R2D-W36:391644801,392419101"
Jezero,"9R2D-SPN:391644801,392326301"
Ježevo,"9RK1-82N:391644801,391841301"
Juraj u Trnju,"9R29-DPF:391644801,391994802"
Jurjevo,"9R2Z-C6L:391644801,392373901"
Kali,"9R24-FM3:391644801,392180001"
Kalinovac,"9R28-J49:391644801,392336901"
Kalje,"9R23-W3K:391644801,392113801"
Kalnik,"9RK1-82X:391644801,391841401"
Kamanje,"9RK1-824:391644801,391842101"
Kambelovac,"9R2H-3T1:391644801,392182001"
Kamen,"9R24-FMZ:391644801,392181101"
Kamenica (Ivanec),"9RKB-Y4S:391644801,391842501"
Kamensko (Karlovac),"9RKB-T3Y:391644801,391843801"
Kampor,"9R2H-C68:391644801,392181301"
Kanfanar,"9R28-NQS:391644801,392379101"
Kaniška Iva,"9RKB-T3R:391644801,391845301"
Kaniža,"9RKB-T3P:391644801,391661501"
Kapela,"9R2M-92S:391644801,391846201"
Kaplak,"9R2H-W3G:391644801,392181801"
Kaprije,"9R2H-DPB:391644801,392299701"
Kaptol,"9RK1-N3R:391644801,391847701"
Karlobag,"9RK1-3YM:391644801,391849401"
"Karlovac, Sv. Trojstvo","9RK1-GPR:391644801,392001501"
Karojba,"9R26-1XS:391644801,392379901"
Kašina,"9RKB-K6L:391644801,391849901"
Kastav,"9R2S-44H:391644801,392069401"
Kaštel Gomilica,"9R2H-W3B:391644801,392181901"
Kaštelir,"9R26-16D:391644801,392380001"
Kaštel Lukšić,"9R2W-VZ7:391644801,392182101"
Kaštel Novi,"9R2W-RMR:391644801,392182301"
Kaštel Štafilić,"9R2W-Y4Q:391644801,392182801"
Kaštel Stari,"9R2W-T3V:391644801,392182401"
Kaštel Sućurac,"9R2W-T3F:391644801,392182501"
Katuni,"9R2W-N3T:391644801,392183101"
Kijevo,"9R24-C6F:391644801,392186001"
Klakar,"9RKB-K65:391644801,391850801"
Klana,"9R2Z-YWG:391644801,392354701"
Klanjec,"9RK1-T3D:391644801,391851201"
Klenovnik,"9RK1-T3V:391644801,391852001"
Klis,"9R2Z-GPG:391644801,392321101"
Kliševo,"9R2W-T3R:391644801,392160901"
Kljake,"9R2W-J4M:391644801,392186701"
Klokočevac,"9R29-C6R:391644801,392013101"
Kloštar,"9RKB-BZX:391644801,391852801"
Kloštar Ivanić,"9RKB-K6N:391644801,391854301"
Kneginec,"9R29-7M9:391644801,392041501"
Kneževi Vinogradii,"9R29-C6K:391644801,392013301"
Knin,"9R2W-N3D:391644801,391800901"
Kobaš,"9RKB-RMD:391644801,391856401"
Kolan,"9R2H-PYW:391644801,392327201"
Koločep,"9R2W-Y4J:391644801,392161301"
Komarevo,"9RK1-3YS:391644801,391857101"
Komin,"9R24-2NB:391644801,392187701"
Komiža,"9R2W-N3X:391644801,392188001"
Komletinci,"9RK1-6TY:391644801,392013501"
Kompolje,"9RK1-FMZ:391644801,391858001"
Konjevrate,"9R2X-W3J:391644801,392424601"
Konjšćina,"9RKB-168:391644801,391858501"
Konjsko,"9R2H-92H:391644801,392321301"
Koprivnica,"9R2H-ZNY:391644801,391658001"
Koprivnički Bregi,"9R2H-823:391644801,392320201"
Koprivnički Ivanec,"9R2F-HZ3:391644801,392414701"
Kornić,"9R2S-HZX:391644801,392056001"
Kostajnica,"9RK1-DPD:391644801,391672301"
Kostel,"9R2M-C6X:391644801,391860901"
Kotari,"9R24-MN5:391644801,392151101"
Kotoriba,"9R2M-C6N:391644801,391861601"
Kozarac (Čeminac),"9RK1-DPK:391644801,392014001"
Kozarevac,"9R2M-927:391644801,391862901"
Kožino,"9R2W-YWR:391644801,392189901"
Kozljak,"9R2Z-92Q:391644801,392380401"
Kraljevec,"9R2M-16F:391644801,391864801"
Kraljevica,"9R2H-VZQ:391644801,392354801"
Kraljev Vrh,"9R2M-SP6:391644801,391863601"
Krapanj,"9R24-7M3:391644801,392190801"
Krapina,"9RK1-GPJ:391644801,391865701"
Krapinske Toplice,"9RKB-T3L:391644801,391867401"
Krapje,"9RK1-4W5:391644801,391868901"
Krašić,"9RK1-RMD:391644801,391869801"
Krasno Polje,"9RK1-RMZ:391644801,391869201"
Kratečko,"9R2W-3TG:391644801,392150901"
Kravarsko,"9R2S-92J:391644801,392077101"
Krbune,"9R2Z-92L:391644801,392380601"
Kringa,"9R2Z-MJX:391644801,392380701"
Krišpolje,"9R2D-W3L:391644801,392418701"
Krivi Put,"9R28-92H:391644801,392355601"
Križ,"9R29-GPV:391644801,392024401"
Križevci,"9RKB-RM3:391644801,391645801"
Križovljan,"9RK1-HZ9:391644801,391873301"
Križovljan Radovečki,"9RK1-16L:391644801,391941601"
Krk,"9R2M-DPX:391644801,392064001"
Krmpote-Vodice,"9R2Z-FM6:391644801,392356601"
Krnica,"9R2Z-MJ7:391644801,392380901"
Kršan,"9R2X-2NY:391644801,392381201"
Krstatice,"9R2W-PT5:391644801,392191301"
Krug,"9R2W-GPY:391644801,392191401"
Kruševo,"9R2W-RM7:391644801,392191501"
Kukljica,"9R2W-PYM:391644801,392191601"
Kukuljanovo,"9R2Z-FMS:391644801,392356701"
Kuna,"9R26-HZJ:391644801,392421301"
Kunić,"9R2M-3TR:391644801,391874001"
Kunić Ribnički,"9R2D-K6N:391644801,392416401"
Kupinec,"9R2M-SPF:391644801,391874201"
Kutina,"9RK1-4WY:391644801,391874901"
Kutjevo,"9RK1-4W1:391644801,391877501"
Kuželj,"9RK1-C68:391644801,391881001"
Kuzminec,"9RK1-JWB:391644801,391879301"
Labin,"9R2H-HZZ:391644801,392368601"
Labinci,"9R2S-MNR:391644801,392070801"
Ladislav,"9RK1-C66:391644801,391881501"
Lagosta,"9R24-FML:391644801,392162301"
Lanišće (Buzet),"9R2Z-4WP:391644801,392370701"
Lasinja,"9RK1-3TL:391644801,391882501"
Ledenice,"9RK1-SPG:391644801,391884501"
Legrad,"9R2S-3TB:391644801,392041901"
Lepoglava,"9R2M-T3K:391644801,391885801"
Lešće (na Dobri),"9R2D-6YM:391644801,392417101"
Leskovac-Barilovićki,"9R2M-YWB:391644801,391887101"
Letinac,"9R26-HZ9:391644801,392419801"
Lič,"9R2M-3TL:391644801,391887301"
Lički Novi,"9RK1-FMQ:391644801,391888201"
Lički Osik,"9RK1-16D:391644801,391888501"
Lički Ribnik,"9RK1-GPX:391644801,391909901"
Linardići,"9R29-16R:391644801,392056501"
Lipa,"9RKB-RMJ:391644801,391889001"
Lipice,"9R26-N3N:391644801,392419001"
Lipnik,"9RKB-T3D:391644801,391889701"
Lipovljani,"9RK1-3T5:391644801,391891401"
Lisac,"9R2W-NQS:391644801,392162701"
Ližnjan,"9R2Z-4WL:391644801,392371301"
Ljubač,"9R24-L2F:391644801,392196001"
Ljubešćica,"9R29-DPG:391644801,391898501"
Lobor,"9RK1-VZZ:391644801,391893001"
Lokve,"9RK1-MJQ:391644801,391894301"
Lokvičić,"9R24-WQH:391644801,392192901"
Lombarda,"9R2W-Y4M:391644801,392164901"
Lonja,"9RK1-MNT:391644801,391894901"
Lopar,"9R2W-BZ3:391644801,392193001"
Lopatinec,"9RKB-16Y:391644801,391895101"
Lopud,"9R2W-GP5:391644801,392163601"
Lovas,"9R23-ZNP:391644801,392121001"
Lovran,"9R2H-HZ9:391644801,392357201"
Lovreć,"9R2W-BZ9:391644801,392194001"
Ložišća,"9R2D-MNG:391644801,392195101"
Lubenice,"9R2H-ZNG:391644801,392358301"
Luč,"9RK1-6T1:391644801,392014101"
Ludbreg,"9RKB-T3V:391644801,391656001"
"Ludbreg, Sv. Juraj u Trnju","9R2M-HZQ:391644801,391994101"
Ludina,"9RK1-2NL:391644801,391897101"
Lukač,"9R29-ZNB:391644801,392014901"
Luka Šipanska,"9R24-WQ6:391644801,392170301"
Luka (Zaprešić),"9R27-6TP:391644801,392145001"
Lukoran,"9R24-GPN:391644801,392195301"
Lukovo,"9R29-N38:391644801,391898101"
Lupoglav,"9R2Q-6TL:391644801,392138501"
Lupoglav (Pazin),"9R2C-MNL:391644801,392371601"
Mače,"9R29-6TR:391644801,391899601"
Macinec,"9R29-W3B:391644801,391899201"
Mačkovac,"9R29-C6P:391644801,391900601"
Mađarevo,"9RK1-DPN:391644801,391900801"
Mahično,"9R2M-VZ9:391644801,391946701"
Maja,"9R29-MNB:391644801,391946901"
Majkovi,"9R2D-7MC:391644801,392422501"
Makar,"9R2W-BZF:391644801,392188901"
Makarska,"9R2W-RMZ:391644801,392196101"
Mala Gorica,"9R2M-VZC:391644801,391947401"
Mali Iž,"9R24-6YW:391644801,392179401"
Mali Lošinj,"9R29-16J:391644801,392071501"
Mali Raven,"9R2H-ZN5:391644801,392333701"
Mali Ston,"9R26-HZ4:391644801,392422901"
Mandalina,"9R2D-PYM:391644801,392423401"
Maranovići,"9R2W-JW5:391644801,392164101"
Marčana,"9R2H-H87:391644801,392371901"
Margečan,"9R23-4WR:391644801,392101101"
Marija Bistrica,"9R2M-82G:391644801,391948001"
Marija Gorica,"9R2M-W32:391644801,391950601"
Marina (Trogir),"9R2S-JWY:391644801,392049401"
Marjanci,"9RK1-RMH:391644801,392016001"
Markuševec,"9R2M-GPF:391644801,391951201"
Martijanec,"9RK1-YWP:391644801,391952001"
Martinšćica,"9R28-PY3:391644801,392359201"
Martinska Ves,"9RK1-YWL:391644801,391953101"
Martinski,"9R2X-HZQ:391644801,392403201"
Maruševec,"9RK1-3Y4:391644801,391953501"
Maslinica,"9R24-BZV:391644801,392198001"
Materada,"9R2S-DPR:391644801,392073801"
Medovdolac,"9R24-ZN1:391644801,392198801"
Medulin,"9R29-T38:391644801,392073001"
Međurić,"9RK1-927:391644801,391956401"
Medviđa,"9R2C-HZF:391644801,392308001"
Metković,"9R24-ZNT:391644801,392198101"
Miholec,"9RK1-N3N:391644801,391957801"
Miholjanec,"9RK1-N3P:391644801,391958901"
Mihovljan,"9RK1-2NR:391644801,391959501"
Miklouš,"9R2M-7M4:391644801,391938101"
Milna,"9R2W-16D:391644801,392199001"
Mirca,"9R24-4WT:391644801,392199201"
Mirlović Zagora,"9R24-W3D:391644801,392199401"
Mlini,"9R2W-T3D:391644801,392164501"
Mokošica,"9R24-W3K:391644801,392165401"
Molat,"9R2W-T32:391644801,392200901"
Molve,"9R2M-JWT:391644801,391938301"
Moravče,"9RK1-GPG:391644801,391939401"
Mošćenice,"9R2H-K6R:391644801,392359701"
Motičina,"9R2S-82Q:391644801,392035301"
Mravince,"9R2W-Y4Z:391644801,392201501"
Mrcine,"9R24-GPB:391644801,392165601"
Mrežnica,"9RK1-G5M:391644801,391940801"
Mrkopalj,"9RKB-4WL:391644801,391697201"
Mundanije,"9RKB-4WP:391644801,391699901"
Mursko Središće,"9R2X-W3L:391644801,392415101"
Murter,"9R2H-7ML:391644801,392201701"
Murvica (Brač),"9R2S-7MC:391644801,392054301"
Murvica (Zadar),"9R24-16G:391644801,392202401"
Nahodište Dubrovnik,"9R2W-JWB:391644801,392156301"
Nahodište Split,"9R2H-7M7:391644801,392255201"
Nart Savski,"9RK1-BZS:391644801,391942401"
Našice,"9RK1-Y4Z:391644801,392032001"
Natkrižovljan,"9R2S-YWG:391644801,392098801"
Nedelišće,"9RK1-16F:391644801,391943001"
Nedešćina,"9R2X-3T5:391644801,392402201"
Neorić,"9R2H-MNP:391644801,392202501"
Nepoznata (Sjeverna Dalmaci),"9R2H-KX7:391644801,392301501"
Nerežišća,"9R24-VZZ:391644801,392202601"
Nevest,"9R2X-6TG:391644801,392424901"
Neviđane,"9R2W-YWL:391644801,392201101"
Nevinac,"9RK1-BZW:391644801,391944801"
Nin,"9R2H-PT1:391644801,392202801"
Noršić Selo,"9R27-16V:391644801,392151001"
Nova Bukovica,"9RK1-Y4M:391644801,391945701"
Nova Gradiška,"9RK1-K68:391644801,391676201"
Novak,"9R23-JWG:391644801,392121501"
Nova Kapela,"9RK1-3TB:391644801,391934001"
Novaki Motovunski,"9R2H-H84:391644801,392372001"
Novalja (Pag),"9R29-RMJ:391644801,392054901"
Nova Rača,"9RK1-6T5:391644801,391935501"
Nova Vas (Poreč),"9R2C-2NT:391644801,392372401"
Novigrad,"9R2H-92W:391644801,392203001"
Novigrad na Dobri,"9RK1-3TT:391644801,391936801"
Novigrad Podravski,"9R23-HZ7:391644801,392099201"
Novi Jankovci,"9R2M-RMK:391644801,392031901"
Novi Vinodolski,"9RK1-3YQ:391644801,391936901"
Novi Vukovar,"9R23-VZF:391644801,392120701"
Novska,"9R2M-82J:391644801,391960401"
Nuštar,"9R2W-N3K:391644801,392148701"
Oborovo,"9R2M-828:391644801,391961001"
Obrež (Zagreb-Novi Zagreb),"9R24-RMX:391644801,392150201"
Obrovac,"9R2Z-MJV:391644801,391791801"
"Odra, Sv. Jurja","9R2W-ZNP:391644801,392151501"
Odvorci,"9R2M-Y43:391644801,391962201"
Okić,"9R27-K6X:391644801,392144501"
Olib,"9R24-PTP:391644801,392204701"
Omiš,"9R2W-PTT:391644801,392205301"
Omišalj (Krk),"9R29-GPD:391644801,392055401"
Oprisavci,"9R29-W36:391644801,391975501"
Oprtalj,"9R2C-T3T:391644801,392372701"
Opuzen,"9R2W-K6R:391644801,392205801"
Orah,"9R2W-K6P:391644801,392206801"
Orahovica,"9R29-829:391644801,391648901"
Orašac,"9R24-L29:391644801,392166101"
Orebić (Korčula),"9R24-GPX:391644801,392166601"
"Orehovec, Sv. Petar","9R29-HZ3:391644801,391975901"
Orehovica,"9RK1-JWT:391644801,391976301"
Oriovac,"9RK1-N38:391644801,391976701"
Orlec,"9R2C-DPY:391644801,392413301"
Orubica,"9RK1-829:391644801,391977701"
Osekovo,"9RK1-N3K:391644801,391978401"
Osijek,"9R2D-DPF:391644801,391650401"
Osijek (Donji Grad),"9R2M-82K:391644801,392033301"
Osijek (Gornji Grad),"9R29-N32:391644801,392029501"
Osijek (Tvrđa),"9R2M-82C:391644801,392030301"
Ošlje,"9R2D-RMZ:391644801,392421801"
Osojnik (Ragusa),"9R24-L2H:391644801,392166901"
Osor,"9R29-T3X:391644801,392062401"
Oštrc,"9R27-N3J:391644801,392144001"
Otočac,"9RK1-N3Y:391644801,391674001"
Otok (Sinj),"9R2W-2J9:391644801,392207301"
Otok (Vinkovci),"9R2D-C6F:391644801,392416001"
Otrić,"9R2W-K6F:391644801,392206901"
Pag,"9R2W-J44:391644801,392207701"
Pakoštane,"9R24-RMC:391644801,392216501"
Pakrac,"9RK1-Y4W:391644801,391661401"
Palanjek,"9R2M-W3R:391644801,391965901"
Pašman,"9R24-FM7:391644801,392216601"
Pazin,"9R2C-ZNG:391644801,392372801"
Perušic,"9R29-SP6:391644801,391966401"
Perušić Benkovački,"9R2Z-82N:391644801,392302501"
Pešćenica,"9R27-SPD:391644801,392144801"
Petar u Šumi,"9R28-2NB:391644801,392404201"
Peteranec,"9R23-W3J:391644801,391656701"
Petlovác,"9R2M-VZN:391644801,392034201"
Petračac,"9R2W-2NY:391644801,392163801"
Petrčane,"9R2H-7MD:391644801,392217701"
Petrijanec,"9RK1-RM9:391644801,391967101"
Petrijevci,"9R29-GP1:391644801,392034401"
Petrinja,"9R2Q-MNL:391644801,391719501"
Petrovci,"9R2S-ZJM:391644801,391651001"
Petrovina,"9RK1-VZ7:391644801,391967801"
Petrovsko,"9R23-SPD:391644801,391772801"
Pile (Ragusa),"9R2W-NQZ:391644801,392154901"
Piškorevci,"9R2Q-166:391644801,392131801"
Pitomača,"9RKB-162:391644801,391968601"
Plemenitaš,"9R2M-7M8:391644801,391979801"
Plešivica,"9R27-C6J:391644801,392142801"
Pleternica,"9R24-2NL:391644801,392148801"
Pločice,"9R2H-W3V:391644801,392167301"
Plomin,"9R2F-K66:391644801,392381501"
Podaca,"9R2C-82K:391644801,392219301"
Podbablje,"9R24-YWL:391644801,392220001"
Podcrkavlje,"9R2M-W38:391644801,391979901"
Podgorač,"9R29-GPX:391644801,392034801"
Podgora (Makarska),"9R2W-7M4:391644801,392149501"
Podgrađe (Omiš),"9R24-C6Y:391644801,392220301"
Podjezerja,"9R28-C6J:391644801,392325901"
Podolje (Beli Manastir),"9R2X-PTB:391644801,392427201"
Podravska Moslavina,"9R29-GPP:391644801,392035401"
Podravske Sesvete,"9R2Z-C6R:391644801,392337401"
Podravski Podgajci,"9R2M-W36:391644801,392035601"
Podstene,"9RKB-W38:391644801,391704901"
Podturen,"9R2M-2NR:391644801,391980401"
Podvinje,"9R2M-L2H:391644801,391981101"
Pokupsko,"9R2M-Y49:391644801,391981801"
Polača (Benkovac),"9R24-82X:391644801,392220401"
Poličnik,"9R24-ZJ3:391644801,392221401"
Poljana (Varaždin),"9R2M-BZS:391644801,391982501"
Polje Čepić,"9R2H-HZR:391644801,392365301"
Poljica (Imotski),"9R24-ZNL:391644801,392221601"
Poljica (Krk),"9R2C-FM9:391644801,392413501"
Pomer,"9R2F-6T1:391644801,392381601"
Pomorje,"9RK1-HZ4:391644801,391982601"
Ponikve,"9R2H-C66:391644801,391662401"
Popovac,"9RK1-PTT:391644801,392036101"
Popovići (Benkovac),"9R24-ZJC:391644801,392221801"
Poreč (Poreč),"9R28-J4Q:391644801,392381901"
Posavski Podgajci,"9RK1-PYM:391644801,392039401"
Posedarje,"9R2H-L2S:391644801,392301901"
Postira,"9R24-C6K:391644801,392222001"
Potravlje,"9R24-HZ3:391644801,392222201"
Povlja,"9R24-HZJ:391644801,392222601"
Požega,"9RK1-HZD:391644801,391764901"
Požeške Sesvete,"9RK1-FMW:391644801,391922301"
Praputnjak,"9RKB-W36:391644801,391705301"
Predošćica,"9R2Z-82K:391644801,392414001"
Pregrada,"9RK1-RMX:391644801,391984601"
Preko,"9R2Z-3T5:391644801,392222701"
Prekrižje Plešivičko,"9R27-C6G:391644801,392143101"
Prelog,"9RK1-RMN:391644801,391971001"
Prelošćica,"9R2M-L29:391644801,391972701"
Premantura,"9R26-BZ6:391644801,392387401"
Premuda,"9R2H-7M3:391644801,392223501"
Preseka,"9R29-N3V:391644801,391973601"
Presika (Labin),"9R26-BZ8:391644801,392387601"
Pribić,"9R2M-K6L:391644801,391973901"
Pridraga,"9R2H-7MN:391644801,392223801"
Pridvorje,"9R24-PY4:391644801,392168001"
Primošten,"9R2S-HZ8:391644801,392057101"
Prišlin,"9R2M-2NY:391644801,391974601"
Pristeg,"9R24-BZQ:391644801,392224701"
Privlaka,"9R24-Y4C:391644801,392225201"
Prizna,"9R2M-T3L:391644801,391974901"
Prkos,"9R24-Y48:391644801,392225501"
Promina,"9R27-Y4N:391644801,392145401"
Prozor,"9R2M-YWT:391644801,391975001"
Prozorje (Dugo Selo),"9R2M-T38:391644801,391902201"
Prugovo,"9R2C-W3X:391644801,392225901"
Prvić Luka,"9R26-HZ3:391644801,392424701"
Prvić Šepurina,"9R24-VZD:391644801,392226101"
Pučišća,"9R2H-MNL:391644801,392227601"
Pula,"9R2C-T38:391644801,391661301"
Punat,"9R2S-HZ7:391644801,392059201"
Punitovci,"9R2Q-HZZ:391644801,392132001"
Pupnat,"9R24-PTR:391644801,392168501"
Pušća,"9RK1-YWR:391644801,391902701"
Rab,"9RKB-4W1:391644801,391706501"
Račinovci,"9R29-PY7:391644801,392038501"
Račišće,"9R2H-6TR:391644801,392168901"
Radikovci,"9R2S-MJ4:391644801,392039001"
Radoboj,"9RKB-2NB:391644801,391903701"
Radošić (Split),"9R2W-NQF:391644801,392227901"
Radošinovci,"9R2W-J48:391644801,392227801"
Radovin,"9R2W-16G:391644801,392228001"
Ragusavecchia,"9R24-16D:391644801,392158601"
Rajevo Selo,"9R2S-3TR:391644801,392097101"
Rajić,"9RKB-2NR:391644801,391905101"
Rakalj,"9R2F-MNY:391644801,392392101"
Rakotole,"9R2F-MNR:391644801,392392301"
Rakovec,"9RKB-GPK:391644801,391905401"
Ramljane,"9RKB-GP8:391644801,391906201"
Rašćane Gornje,"9R24-44Q:391644801,392228501"
Rasinja,"9R2M-824:391644801,391906601"
Rastević,"9R2W-16K:391644801,392228201"
Rava,"9R24-WQ8:391644801,392228701"
Ravna Gora,"9RKB-7M7:391644801,391710901"
Ražanac,"9R24-HZ7:391644801,392228801"
Razne,"9R2D-SPL:391644801,392326201"
Rečica,"9R2M-BZW:391644801,391907201"
Remete,"9R29-92H:391644801,391907301"
Remetinec,"9R2M-N3K:391644801,391908101"
Resnik,"9R2M-K6X:391644801,391909301"
Retfala (Osijek),"9R29-PY9:391644801,392033101"
Retkovci-Prkovci,"9R2S-DPD:391644801,392097501"
Ričice (Imotski),"9R2H-L2N:391644801,392301701"
Rijeka,"9RKB-7MS:391644801,391712301"
Roč,"9R28-RM7:391644801,392392401"
Rodaljice,"9R28-VZX:391644801,392302801"
Rogoznica,"9R2W-GP8:391644801,392229501"
Rokovci-Andrijaševci,"9R23-7M9:391644801,392097801"
Rovinj,"9R2H-GPD:391644801,392393401"
Rovinjsko Selo,"9R2X-K6R:391644801,392399801"
Rovišće,"9R2C-N3D:391644801,391803101"
Rožat,"9R26-92Z:391644801,392420401"
Rozga,"9R29-3T5:391644801,391911201"
Rude,"9RKB-YWG:391644801,391912301"
Runović,"9R24-FMF:391644801,392232301"
Rupe,"9R2H-3Y4:391644801,392232701"
Ruševo,"9RKB-BZV:391644801,391913101"
Sali,"9R23-6TT:391644801,392114901"
Samarica,"9RK1-W3F:391644801,391914201"
Samobor,"9RK1-W36:391644801,391915501"
Šandrovac (Bjelovar),"9R2M-RM6:391644801,392002601"
Šarengrad,"9R2Q-3YM:391644801,391694001"
Sarvaš,"9R2S-BZQ:391644801,391755201"
Savar,"9R28-VZ3:391644801,392302901"
Savudrija,"9R2X-K6G:391644801,392400201"
Šćitarjevo,"9R23-VZ7:391644801,392135901"
Sela (kod Siska),"9RK1-HZG:391644801,391917801"
Selca (Brač),"9R24-16R:391644801,392234301"
Selce,"9R2M-BZX:391644801,391919101"
Selina (Zadar),"9R2W-RMV:391644801,392234501"
Selnica (Čakovec),"9RK1-RMQ:391644801,391919401"
"Senja, Sv. Juraj","9RK1-FM9:391644801,391995701"
Senj (Senj),"9RK1-W3G:391644801,391920301"
Senjska Draga,"9RKB-W32:391644801,391731101"
Šestine,"9R2M-PTT:391644801,392003501"
Sestrunj,"9R2W-PTG:391644801,392234801"
Sesvete,"9RK1-W3J:391644801,391921501"
Šibenik,"9R2C-3TR:391644801,392327301"
Šibenik (Bolnica),"9R2X-N3R:391644801,392426501"
Šibenik-Dolac,"9R24-1X7:391644801,392265701"
Šibenik-Grad,"9R28-GPL:391644801,392311301"
"Šibenik, Sv. Benedikt","9R2C-82X:391644801,392332901"
"Šibenik, Sv. Duh","9R2C-6YS:391644801,392333301"
"Šibenik, Sv. Grgur","9R2C-824:391644801,392332601"
"Šibenik, Sv. Grizogon","9R2C-HZD:391644801,392333101"
"Šibenik, Sv. Trojstvo","9R2Z-JW5:391644801,392333501"
Šibenik-Varoš,"9R24-VZ3:391644801,392267401"
Sibinj,"9RKB-Y4M:391644801,391661901"
Sigetec,"9R23-W3Y:391644801,392101401"
Sikirevci,"9R2S-BZS:391644801,392098101"
Silba,"9R24-DPN:391644801,392247201"
Sinac,"9R26-MJ9:391644801,392417701"
Sinj,"9R2W-GPG:391644801,392235101"
Široka Kula,"9R29-VZW:391644801,391664701"
Sisak,"9RKB-VZ4:391644801,391924601"
"Sisak, Sv. Križ","9R23-ZNL:391644801,392116301"
Šišan,"9R2H-FMQ:391644801,392405901"
Šišinec,"9R27-SPG:391644801,392122501"
Šiškovci,"9R2Z-16L:391644801,392323901"
Šišljavić,"9R27-SPJ:391644801,392122901"
Sitno,"9R2S-2NT:391644801,392059901"
Sitno Gornje,"9R2W-PYQ:391644801,392240101"
Sitno-Sratok,"9R24-FMK:391644801,392248501"
Škabrnje,"9R2C-MNR:391644801,392304101"
Skakavac,"9RKB-K6T:391644801,391926901"
Škenderovci,"9R2W-SPV:391644801,392147401"
"Skitača, Sv. Lucija","9R2F-92S:391644801,392401301"
Skradin,"9R24-6TL:391644801,391794401"
Škrip,"9R2D-MJS:391644801,392312701"
Sladojevci,"9R23-MNP:391644801,392092601"
Slakovci,"9R2S-PTR:391644801,392094401"
Slano,"9R2H-DP8:391644801,392169301"
Slatina,"9R2C-166:391644801,392257401"
Slavetić,"9R27-6TR:391644801,392144301"
Slavonski Brod,"9R2C-SPY:391644801,391648701"
Slivnica,"9R2C-FMW:391644801,392257801"
Slivno,"9R2C-JW5:391644801,392258501"
Slivno Ravno,"9R2C-N3J:391644801,392258701"
Šljivoševci,"9R2S-6TP:391644801,392088301"
Slobodnica,"9RKB-BZ3:391644801,391927201"
Smeljci,"9R2Q-L24:391644801,392133101"
Smilčić,"9R2H-VZH:391644801,392326901"
Smiljan,"9RKB-Y44:391644801,391664101"
Smokovljani,"9R2H-6Y7:391644801,392169501"
Smokvica,"9R2D-GPD:391644801,392422701"
Soblinec (Cerje),"9RKB-RMF:391644801,391781701"
Sobotica,"9RKB-T3X:391644801,391927801"
Sokričić,"9R2H-4W5:391644801,392259001"
Soline (Zadar),"9R2H-HZB:391644801,392259201"
Soljani,"9R28-3TT:391644801,392324201"
Sopje,"9R2S-PTL:391644801,392094501"
Sotin,"9R2S-K6D:391644801,391766801"
Sot (Serbia),"9R2W-3TT:391644801,392147301"
Sovinjak,"9R2C-HZ3:391644801,392400301"
Špišić Bukovica,"9R2S-6TL:391644801,392089101"
Split-Bol Plokite,"9R24-HZ4:391644801,392249801"
Split-Lučac,"9R26-W3F:391644801,392426101"
Split (Pokrajinska Bolnica),"9R2H-WQW:391644801,392256901"
Splitska,"9R2H-WQ8:391644801,392259601"
Split-Stari Grad,"9R24-N36:391644801,392255501"
"Split, Sv. Dujma","9R2W-PTB:391644801,392240201"
Split-Veli Varos,"9R24-ZJ7:391644801,392251901"
Srednje Selo (Split),"9R2H-W3X:391644801,392259401"
Srinjine,"9R2H-449:391644801,392259501"
Stajnica,"9R2D-7MS:391644801,392419401"
Stankovci (Benkovac),"9R24-6TR:391644801,392259701"
Stara Baška,"9RKB-C66:391644801,391732601"
Stara Gradiška,"9R2F-W3F:391644801,391722601"
Stara Plošćica,"9RK1-VZ6:391644801,391929201"
Starigrad,"9RKB-C6F:391644801,391733001"
Stari Grad (Hvar),"9R2H-HZ4:391644801,392261401"
Starigrad (Zadar),"9R2Z-MNB:391644801,392303201"
Stari Jankovci,"9R2S-RMS:391644801,392093801"
Stari Mikanovci,"9R2S-ZNT:391644801,392033001"
Stari Pazin,"9R2C-4WT:391644801,392401201"
Staro Čiče,"9R23-L2D:391644801,392137101"
Staro Petrovo Selo,"9RK1-C6F:391644801,391930101"
Štefanje,"9R2Z-PTY:391644801,392338801"
Šterna,"9R2H-6TY:391644801,392406201"
Štitar,"9R2S-GPJ:391644801,392089401"
Štivan,"9R28-4WT:391644801,392374601"
Štivica,"9R23-DP6:391644801,392123001"
Stobreč,"9R2H-MJC:391644801,392262001"
Ston,"9R24-4WB:391644801,392169801"
Stravča,"9R2D-PY7:391644801,392420901"
Stražeman,"9RK1-MNG:391644801,391931401"
Štrigova,"9R2S-HZ9:391644801,392073901"
Studenci (Imotski),"9R24-16N:391644801,392262201"
Stupnik,"9R2M-FM7:391644801,391989901"
Sućuraj,"9R2H-MNT:391644801,392262901"
Suđurađ,"9R2D-YWY:391644801,392421401"
Suhodol,"9R2W-VZZ:391644801,392150301"
Suhopolje,"9R2S-J4M:391644801,392096001"
Suhovare,"9R2H-7MC:391644801,392263001"
Sukošan,"9R2S-KX3:391644801,392060001"
Šumber,"9R2C-YWP:391644801,392407101"
Šumeće,"9R24-C6D:391644801,392151901"
Sunja,"9RK1-N3X:391644801,391990801"
Supetar,"9R24-N3R:391644801,392263301"
Supetarska Draga,"9RKB-HZH:391644801,391733501"
Susak,"9R2X-MNG:391644801,392414101"
Sutivan,"9R24-N3J:391644801,392263801"
Sutlanska Poljana,"9R23-W3L:391644801,392102501"
Sutomišćica,"9R24-N3K:391644801,392264201"
Svetice,"9R2M-2J9:391644801,391992601"
Svetvinčenat,"9R2H-DPJ:391644801,392404501"
Svibovec,"9RK1-VZ3:391644801,391993001"
Švica,"9R2Q-ZJ4:391644801,392123401"
Svilaj,"9RK1-HZC:391644801,391993401"
Sv. Ilija,"9R2M-YWL:391644801,391961601"
Svinišće,"9R24-VZL:391644801,392265401"
Svinjarevci,"9R2S-JWP:391644801,392097001"
Sv. Ivanac,"9R2X-SPL:391644801,392403001"
Sv. Jakov-Šiljevica,"9RK1-82D:391644801,391924001"
Sv. Marija na Muri,"9R23-W38:391644801,392101601"
Sv. Martin pod Okićem,"9RK1-JWG:391644801,391962701"
Sv. Nedjelja,"9R29-W3G:391644801,391963901"
Taborsko,"9R23-44S:391644801,392102601"
Tar,"9R28-C6P:391644801,392408101"
Tenja (Osijek),"9R2M-K6N:391644801,391742101"
Tijarica,"9R2M-82F:391644801,392021501"
Tijesno,"9R28-BZ9:391644801,392312901"
Tinj,"9R2H-6YM:391644801,392302001"
Tinjan,"9R28-C6K:391644801,392408601"
Tkon,"9R2Z-4WR:391644801,392308201"
Tomašica,"9R23-K6F:391644801,392123601"
Topolje,"9R2S-L29:391644801,392089701"
Topolje (Beli Manastir),"9R2X-7MN:391644801,392426801"
Topolo,"9R26-3TT:391644801,392422101"
Topusko,"9R23-K66:391644801,392124601"
Tordinci,"9R2Q-3TG:391644801,391655401"
Tovarnik,"9R2S-N3R:391644801,391767301"
Tribalj,"9R2Q-K6X:391644801,392125301"
Tribanj-Kruščica,"9R2H-MJ7:391644801,392305001"
Tribunj,"9R26-J4H:391644801,392425801"
Trilj,"9R2H-W35:391644801,392307601"
Trnbusi,"9R2F-RMS:391644801,392314201"
Trnjani,"9R2Q-829:391644801,392126301"
Trnovitica,"9R2Q-DPN:391644801,392125801"
Trogir,"9R2Z-HZL:391644801,392313301"
Trojstvo,"9R23-PTL:391644801,392126801"
Trpanj,"9R26-HZZ:391644801,392422201"
Trsat (Rijeka),"9RKB-823:391644801,391701001"
Trstenik (Dubrovnik),"9R26-DP2:391644801,392421101"
Trsteno,"9R24-WQ7:391644801,392170601"
Tučepi,"9R2C-ZN1:391644801,392313601"
Tugare,"9R2C-C68:391644801,392314301"
Tuhelj,"9RKB-824:391644801,391687301"
Turanj,"9R2H-82Z:391644801,392309801"
Turjaci,"9R2H-SP1:391644801,392292901"
Turke,"9RKB-827:391644801,391693301"
Turnašica,"9R2S-FMC:391644801,392091201"
Udbina,"9R26-SPD:391644801,392417001"
Ugljan,"9R2H-HZG:391644801,392314701"
Unešić,"9R26-RMS:391644801,392425301"
Ustrine,"9RKB-C65:391644801,391703601"
Vabriga,"9R26-16P:391644801,392409201"
Valpovo,"9R2S-T36:391644801,392092301"
Valtura,"9R26-16K:391644801,392409301"
Valun,"9RKB-C62:391644801,391704001"
Varaždinske Toplice,"9RKB-829:391644801,391694101"
"Varaždin, Sv. Nikola","9R23-4WP:391644801,392103401"
"Varaždin, Sv. Vid","9R23-HZ3:391644801,392106001"
Vela Luka,"9R24-W3G:391644801,392171001"
Vele Mune,"9R2W-MJS:391644801,392146701"
Veli Brgud,"9RKB-C6J:391644801,391704401"
Veli Iž,"9R24-6TP:391644801,392179501"
Velika,"9R23-823:391644801,392127601"
Velika Cista,"9R24-FMJ:391644801,392174201"
Velika Erpenja,"9RK1-7MW:391644801,391818701"
Velika Gorica,"9R2Q-MN5:391644801,392136101"
Velika Kopanica,"9R29-PTB:391644801,392085001"
Velika Lovrećina,"9RK1-MNB:391644801,391895401"
Veliki Bukovec (Ludbreg),"9R23-3T5:391644801,392106601"
Veliki Grđevac,"9R2H-16J:391644801,392340301"
Veliko Brdo (Makarska),"9R28-6TB:391644801,392316601"
Veliko Trgovišće,"9R23-7MQ:391644801,392108201"
Veli Lošinj,"9R26-BZW:391644801,392374801"
Veli Rat,"9R2H-H83:391644801,392303001"
Veliškovci,"9R29-T3P:391644801,392086001"
Veprinac,"9R2C-82S:391644801,392375701"
Vetovo,"9R23-VZD:391644801,391760301"
Vid (Metković),"9R2H-FMC:391644801,392316901"
Vid Miholjice,"9R29-T3L:391644801,392073401"
Vidonje,"9R2H-N3V:391644801,392317501"
Vidovec,"9R23-JWR:391644801,392109301"
Viduševac,"9R23-N3D:391644801,392115301"
Viganj,"9R24-WQ9:391644801,392171501"
Viljevo,"9R29-PTT:391644801,392086201"
Vinagora,"9R23-L2Q:391644801,392109801"
Vinica,"9R23-4WL:391644801,392110301"
Vinjani,"9R24-VZK:391644801,392318001"
Vinjerac,"9R24-16B:391644801,392305601"
Vinkovci,"9R2S-W36:391644801,391730601"
Virje,"9R23-HZ6:391644801,392128801"
Virovitica,"9R29-RM6:391644801,391651201"
Vis,"9R24-VZ9:391644801,392318201"
Viškovo,"9R28-7MZ:391644801,392376101"
Višnjica,"9R23-C6J:391644801,392112101"
Visoka,"9R2Z-SPX:391644801,392320001"
Visoko,"9R23-C6K:391644801,392110901"
Vitaljina,"9R24-44W:391644801,392171801"
Vivodina,"9R23-FM9:391644801,392130001"
Vižinada,"9R2Z-SPN:391644801,392409601"
Vlašići,"9R2H-KXS:391644801,392062101"
Voćin,"9R29-PT5:391644801,392083401"
Vodice (Šibenik),"9R24-W3F:391644801,392272601"
Vođinci,"9R2S-92W:391644801,392084101"
Vojnić Sinjski,"9R2H-VZ6:391644801,392276601"
Voloder,"9R2S-W3F:391644801,392024901"
Volosko (Opatija),"9R28-3TB:391644801,392376201"
Vrana,"9R28-PT1:391644801,392377001"
Vranja,"9R2C-GPJ:391644801,392410601"
Vranjic,"9R24-7M4:391644801,392273701"
Vratišinecz,"9R2S-FM4:391644801,392026001"
Vratnik,"9R2S-FM3:391644801,392026501"
Vrbanj,"9R2H-2NG:391644801,392274201"
Vrbanja,"9R2S-MJM:391644801,392084601"
Vrbica,"9R23-N3R:391644801,392130201"
Vrbje,"9R2S-DPN:391644801,392026701"
Vrbnik,"9R28-GPD:391644801,392377201"
Vrbovec,"9R29-166:391644801,392027401"
Vrgada,"9R23-6TP:391644801,392114201"
Vrgorac,"9R24-DP8:391644801,392274701"
Vrh,"9R2C-PTP:391644801,392410701"
Vrhovac,"9R29-168:391644801,392028001"
Vrlika,"9R24-ZN5:391644801,391796401"
Vrpolje,"9R2S-MJ3:391644801,392028201"
Vrpolje (Knin),"9R24-HZX:391644801,392276301"
Vrpolje (Šibenik),"9R24-44M:391644801,392275801"
Vrsar,"9R28-GPX:391644801,392411801"
Vrsi,"9R24-4WP:391644801,392276401"
Vrtlinska,"9R2S-MNL:391644801,392028901"
Vugrovec,"9R29-SP8:391644801,392016401"
Vukmanić,"9R29-2N5:391644801,392017101"
Vukovar,"9R23-DP8:391644801,391652301"
"Žabno, Sv. Ivan","9R29-926:391644801,391997301"
Zabok,"9R29-VZ3:391644801,392017501"
Začretje,"9R2M-92R:391644801,392017901"
Zadar,"9R2Z-3YM:391644801,392295701"
"Zadar, Military","9R2Z-HZS:391644801,392307001"
"Zadar, Sv. Šime","9R2C-W3D:391644801,392291501"
"Zadar, Sv. Stošija","9R24-W3T:391644801,392276701"
Zagorska Sela,"9R29-3TG:391644801,391918601"
"Zagreb, Sv. Ivan","9R29-RM3:391644801,391996601"
"Zagreb, Sv. Marija","9RK1-HZJ:391644801,391998301"
"Zagreb, Sv. Marko","9R23-RM9:391644801,392137301"
"Zagreb, Sv. Petar","9R2M-YWP:391644801,392020701"
Zagvozd,"9R2H-4WY:391644801,392296301"
Zajezda,"9R2M-MNY:391644801,392004001"
Žakanje,"9R2M-7MQ:391644801,392006001"
Zakučac,"9R2H-WQH:391644801,392293801"
Zanković,"9R2Z-MJS:391644801,392335401"
Zaostrog,"9R2F-YWL:391644801,392427301"
Zapadna Plina,"9R2C-DPP:391644801,392218901"
Zapruđe,"9R2W-J43:391644801,392151701"
Zapuntel,"9R2H-W3T:391644801,392296401"
Zasiok,"9R2H-W38:391644801,392294001"
Zastražišće,"9R2H-VZF:391644801,392296601"
Zaton,"9R24-4WL:391644801,392172101"
Zaton (Šibenik),"9R2Z-DPJ:391644801,392296701"
Završje Netretićka,"9R2M-N3J:391644801,392004801"
