parish,volume
Bale,"Births (Rođeni) 1538-1573, 1606-1697"
Bale,"Births (Rođeni) 1699-1741 Baptisms (Krsteni) 1701, 1714"
Bale,Births (Rođeni) 1741-1786
Bale,Births (Rođeni) 1786-1814
Bale,"Births (Rođeni) 1814-1829, 1815-1880"
Bale,"Deaths (Umrli) 1606-1831, 1815-1880"
Bale,"Marriages (Vjenčani) 1617-1633, 1672-1789"
Bale,"Marriages (Vjenčani) 1789-1834, 1815-1882"
Barban,Births (Rođeni) 1716-1816
Barban,Births (Rođeni) 1815-1831
Barban,Births (Rođeni) 1816-1821
Barban,Births (Rođeni) 1821-1835
Barban,Births (Rođeni) 1831-1840
Barban,Births (Rođeni) 1835-1853
Barban,Births (Rođeni) 1841-1889
Barban,Births (Rođeni) 1889-1891
Barban,Deaths (Umrli) 1717-1767
Barban,Deaths (Umrli) 1767-1860
Barban,Marriages (Vjenčani) 1815-1821
Barban,Marriages (Vjenčani) 1821-1840
Barban,"Marriages (Vjenčani) 1826-1842, 1841-1860"
Barban,Marriages (Vjenčani) 1847-1887
Boljun,Marriages (Vjenčani) 1640-1667
Buzet,Births (Rođeni) 1821-1887
Buzet,Deaths (Umrli) 1815-1886
Buzet,Marriages (Vjenčani) 1821-1903
Galižana,Births (Rođeni) 1815-1897
Galižana,Deaths (Umrli) 1815-1898
Galižana,Marriages (Vjenčani) 1815-1894
Kaštelir,Births (Rođeni) 1753-1893
Kaštelir,Deaths (Umrli) 1797-1907
Funtana,Births (Rođeni) 1737-1767
Funtana,Births (Rođeni) 1769-1794
Funtana,"Births (Rođeni) 1797-1812, 1824-1837, 1854"
Funtana,"Births (Rođeni) 1812-1816, 1815-1830"
Funtana,"Births (Rođeni) 1857-1876, 1830-1856"
Funtana,"Deaths (Umrli) 1769-1776, 1773, 1777-1797"
Funtana,"Deaths (Umrli) 1797-1812, 1822-1838"
Funtana,"Deaths (Umrli) 1812-1816, 1815-1831"
Funtana,"Deaths (Umrli) 1874-1896, 1831-1874"
Funtana,"Marriages (Vjenčani) 1801-1802, 1813-1837"
Funtana,"Marriages (Vjenčani) 1855-1883, 1830-1855"
Hum (Buzet),Births (Rođeni) 1673-1725 Marriages (Vjenčani) 1677-1727 Deaths (Umrli) 1674-1725
Hum (Buzet),Births (Rođeni) 1839-1888
Hum (Buzet),"Deaths (Umrli) 1750-1819, 1853-1901"
Hum (Buzet),"Marriages (Vjenčani) 1815-1844 Deaths (Umrli) 1817, 1815-1852 Births (Rođeni) 1819-1839"
Hum (Buzet),Marriages (Vjenčani) 1845-1904
Fažana,"Births (Rođeni) 1810-1851, 1816-1852"
Fažana,Deaths (Umrli) 1816-1859
Kanfanar,Births (Rođeni) 1815-1837
Kanfanar,Births (Rođeni) 1837-1898
Kanfanar,Church Census (Stanje duša) 1826
Kanfanar,Deaths (Umrli) 1765-1828
Kanfanar,Marriages (Vjenčani) 1763-1827
Krbune,Births (Rođeni) 1803-1869 Deaths (Umrli) 1803-1870 Marriages (Vjenčani) 1803-1870
Kringa,Births (Rođeni) 1840-1886
Krnica,Births (Rođeni) 1833-1895
Labin,Births (Rođeni) 1536-1583
Labin,Births (Rođeni) 1584-1608
Labin,"Births (Rođeni) 1609, 1612-1645"
Labin,Births (Rođeni) 1650-1651
Labin,"Births (Rođeni) 1662-1682 Baptisms (Krsteni) 1663, 1665, 1658, 1663"
Labin,Births (Rođeni) 1682-1770
Labin,Births (Rođeni) 1770-1878
Labin,"Deaths (Umrli) 1615, 1585-1649"
Labin,"Deaths (Umrli) 1651-1682, 1732-1860"
Labin,"Deaths (Umrli) 1861-1910, 1907, 1908"
Labin,Marriages (Vjenčani) 1662-1868
Kršan,"Births (Rođeni) 1751-1858, 1713-1748, 1859-1896"
Kršan,Marriages (Vjenčani) 1844-1904
Labinci,"Births (Rođeni) 1612-1614, 1630-1688 Marriages (Vjenčani) 1681-1688"
Labinci,Births (Rođeni) 1630-1654 Marriages (Vjenčani) 1683-1690
Labinci,"Births (Rođeni) 1654-1662, 1781-1861"
Labinci,Births (Rođeni) 1824-1904
Labinci,Marriages (Vjenčani) 1816-1822 Births (Rođeni) 1815-1823 Deaths (Umrli) 1815-1823
Labinci,"Marriages (Vjenčani) 1824-1858, 1836-1861"
Ližnjan,Births (Rođeni) 1816-1883
Ližnjan,Deaths (Umrli) 1815-1900
Ližnjan,Marriages (Vjenčani) 1815-1902
Lupoglav,Births (Rođeni) 1821-1834
Lupoglav,"Births (Rođeni) 1834-1857 Marriages (Vjenčani) 1848-1878, 1790-1847 Deaths (Umrli) 1790-1878 Church Census (Stanje duša) 1813, 1845"
Lupoglav,Births (Rođeni) 1858-1900
Lupoglav,"Church Census (Stanje duša) 1859, 1870"
Lupoglav,Marriages (Vjenčani) 1878-1918 Deaths (Umrli) 1878-1921
Lupoglav (Pazin),Births (Rođeni) 1656-1722
Lupoglav (Pazin),Births (Rođeni) 1744-1822
Marčana,"Births (Rođeni) 1865-1903 Deaths (Umrli) 1865-1889, 1894-1910"
Medulin,Births (Rođeni) 1648-1649 Marriages (Vjenčani) 1666-1704
Medulin,Births (Rođeni) 1801-1890
Medulin,Deaths (Umrli) 1801-1899
Medulin,Marriages (Vjenčani) 1831-1899
Nedešćina,Births (Rođeni) 1810
Nedešćina,Births (Rođeni) 1816-1873
Nedešćina,Deaths (Umrli) 1714-1815
Nedešćina,Deaths (Umrli) 1810
Nedešćina,Deaths (Umrli) 1815-1870
Nedešćina,Marriages (Vjenčani) 1714-1815
Nedešćina,"Marriages (Vjenčani) 1815-1870, 1833-1838"
Nedešćina,Marriages (Vjenčani) 1871-1902
Petar u Šumi,Births (Rođeni) 1838-1893
Oprtalj,Deaths (Umrli) 1815-1856
Plomin,Births (Rođeni) 1844-1894
Pazin,"Births (Rođeni) 1582, 1614-1624, 1645, 1643-1685"
Pazin,Births (Rođeni) 1685-1847
Pazin,Births (Rođeni) 1847-1882
Pazin,Deaths (Umrli) 1655-1691
Pazin,Deaths (Umrli) 1692-1847
Pazin,"Marriages (Vjenčani) 1597-1635, 1656-1852, 1812-1847"
Novigrad,Births (Rođeni) 1662-1693 Births (Rođeni) 1662-1693
Novigrad,Births (Rođeni) 1694-1719
Novigrad,Births (Rođeni) 1720-1759
Novigrad,Births (Rođeni) 1825-1830
Novigrad,Births (Rođeni) 1830-1835
Novigrad,Births (Rođeni) 1835-1843
Novigrad,Births (Rođeni) 1843-1863
Novigrad,Births (Rođeni) 1877-1900
Novigrad,Deaths (Umrli) 1825-1832
Novigrad,Deaths (Umrli) 1832-1835
Novigrad,Deaths (Umrli) 1835-1840
Novigrad,Deaths (Umrli) 1840-1848
Novigrad,Deaths (Umrli) 1848-1867
Novigrad,Marriages (Vjenčani) 1667-1692 Marriages (Vjenčani) 1667-1692
Novigrad,Marriages (Vjenčani) 1693-1719 Marriages (Vjenčani) 1693-1719
Novigrad,Marriages (Vjenčani) 1719-1809
Novigrad,Marriages (Vjenčani) 1825-1830
Novigrad,Marriages (Vjenčani) 1830-1845
Novigrad,Marriages (Vjenčani) 1846-1857
Novigrad,Marriages (Vjenčani) 1858-1888
Novaki Motovunski,Births (Rođeni) 1701-1747
Novaki Motovunski,Deaths (Umrli) 1689-1748
Novaki Motovunski,Marriages (Vjenčani) 1680-1815
Polje Čepić,"Marriages (Vjenčani) 1861-1898 Births (Rođeni) 1861-1898 Deaths (Umrli) 1861-1898, 1862-1863 Births (Rođeni) 1862-1863 Deaths (Umrli) 1862"
Poreč (Poreč),Birth Index (Kazalo rođeni) 1710-1839
Poreč (Poreč),Births (Rođeni) 1657-1741
Poreč (Poreč),Births (Rođeni) 1741-1802
Poreč (Poreč),Births (Rođeni) 1799-1829
Poreč (Poreč),Births (Rođeni) 1802-1804
Poreč (Poreč),Births (Rođeni) 1804-1817
Poreč (Poreč),Births (Rođeni) 1815-1839
Poreč (Poreč),Births (Rođeni) 1838-1840
Poreč (Poreč),Births (Rođeni) 1839-1874
Poreč (Poreč),Births (Rođeni) 1840-1841
Poreč (Poreč),Births (Rođeni) 1842-1846
Poreč (Poreč),Death Index (Kazalo umrli) 1657-1826
Poreč (Poreč),Death Index (Kazalo umrli) 1710-1865
Poreč (Poreč),Death Index (Kazalo umrli) 1815-1838
Poreč (Poreč),Deaths (Umrli) 1710-1780
Poreč (Poreč),Deaths (Umrli) 1777-1789
Poreč (Poreč),Deaths (Umrli) 1780-1782
Poreč (Poreč),Deaths (Umrli) 1783-1807
Poreč (Poreč),Deaths (Umrli) 1788-1793
Poreč (Poreč),"Deaths (Umrli) 1798-1799, 1795-1829"
Poreč (Poreč),Deaths (Umrli) 1807-1816
Poreč (Poreč),Deaths (Umrli) 1815-1838
Poreč (Poreč),Deaths (Umrli) 1838-1841
Poreč (Poreč),Deaths (Umrli) 1838-1887
Poreč (Poreč),Deaths (Umrli) 1842-1847
Poreč (Poreč),Marriages (Vjenčani) 1657-1720
Poreč (Poreč),Marriages (Vjenčani) 1720-1803
Poreč (Poreč),"Marriages (Vjenčani) 1791, 1806, 1800-1829"
Poreč (Poreč),"Marriages (Vjenčani) 1803-1811, 1807-1811"
Poreč (Poreč),Marriages (Vjenčani) 1813-1825
Poreč (Poreč),Marriages (Vjenčani) 1842-1870
Poreč (Poreč),Marriages (Vjenčani) 1870-1887
Presika (Labin),Births (Rođeni) 1815-1847 Marriages (Vjenčani) 1816-1847 Deaths (Umrli) 1816-1847
Premantura,Births (Rođeni) 1791-1834
Premantura,Marriages (Vjenčani) 1800-1892
Rakalj,Births (Rođeni) 1829-1877
Pula,Birth Index (Kazalo rođeni) 1857-1895
Pula,Births (Rođeni) 1613-1658
Pula,Births (Rođeni) 1658-1678 Marriages (Vjenčani) 1613-1685
Pula,Births (Rođeni) 1678-1767 Baptisms (Krsteni) 1686-1768
Pula,Births (Rođeni) 1767-1800
Pula,Births (Rođeni) 1800-1817 Baptisms (Krsteni) 1773-1825
Pula,Births (Rođeni) 1815-1874
Pula,Births (Rođeni) 1874-1887
Pula,Births (Rođeni) 1887-1896
Pula,Births (Rođeni) 1896-1899
Pula,Church Census (Stanje duša) 1886
Pula,"Deaths (Umrli) 1625-1678 Baptisms (Krsteni) 1628-1674 Deaths (Umrli) 1679-1685 Baptisms (Krsteni) 1680, 1708, 1702"
Pula,Deaths (Umrli) 1685-1716
Pula,"Deaths (Umrli) 1716-1817, 1815-1864"
Pula,"Deaths (Umrli) 1799-1821, 1802-1822"
Pula,Deaths (Umrli) 1821-1850
Pula,Deaths (Umrli) 1864-1893
Pula,Deaths (Umrli) 1893-1898
Pula,"Marriages (Vjenčani) 1685-1818, 1815-1877"
Pula,Marriages (Vjenčani) 1874-1883
Pula,Marriages (Vjenčani) 1877-1882
Pula,Marriages (Vjenčani) 1882-1892
Pula,Marriages (Vjenčani) 1892-1901
Roč,Births (Rođeni) 1651-1815
Roč,"Births (Rođeni) 1815-1827, 1815-1834, 1828-1834"
Roč,Births (Rođeni) 1835-1871
Roč,Deaths (Umrli) 1659-1812
Roč,Deaths (Umrli) 1813
Roč,"Deaths (Umrli) 1815-1843, 1815-1843"
Roč,Deaths (Umrli) 1844-1871
Roč,Marriages (Vjenčani) 1651-1815
Roč,"Marriages (Vjenčani) 1815-1824, 1815-1824, 1826-1843"
Roč,Marriages (Vjenčani) 1844-1871
Rovinjsko Selo,"Births (Rođeni) 1818-1874, 1864-1867"
Rovinjsko Selo,Deaths (Umrli) 1818-1867
Rovinjsko Selo,Marriages (Vjenčani) 1819-1873
Rovinj,Births (Rođeni) 1560-1581
Rovinj,Births (Rođeni) 1581-1587
Rovinj,Births (Rođeni) 1587-1612
Rovinj,Births (Rođeni) 1612-1651
Rovinj,Births (Rođeni) 1651-1686
Rovinj,Births (Rođeni) 1686-1718
Rovinj,"Births (Rođeni) 1718-1739, 1738-1745"
Rovinj,Births (Rođeni) 1745-1769
Rovinj,Births (Rođeni) 1769-1790
Rovinj,"Births (Rođeni) 1790-1813, 1812-1816"
Rovinj,Births (Rođeni) 1816-1863
Rovinj,Births (Rođeni) 1863-1890
Rovinj,"Deaths (Umrli) 1553-1636, 1640-1671, 1722-1744"
Rovinj,Deaths (Umrli) 1745-1768
Rovinj,"Deaths (Umrli) 1768-1777, 1777"
Rovinj,Deaths (Umrli) 1777-1797
Rovinj,"Deaths (Umrli) 1797-1835, 1834-1836"
Rovinj,Deaths (Umrli) 1836-1872
Rovinj,Deaths (Umrli) 1873-1893
Rovinj,Deaths (Umrli) 1894-1913
Rovinj,Marriages (Vjenčani) 1564-1624
Rovinj,Marriages (Vjenčani) 1624-1640
Rovinj,Marriages (Vjenčani) 1642-1687
Rovinj,Marriages (Vjenčani) 1678-1687
Rovinj,Marriages (Vjenčani) 1680-1741
Rovinj,Marriages (Vjenčani) 1741-1755
Rovinj,"Marriages (Vjenčani) 1755-1816, 1819-1825"
Rovinj,"Marriages (Vjenčani) 1816-1819, 1829-1833"
Rovinj,Marriages (Vjenčani) 1825-1907
Stari Pazin,Births (Rođeni) 1826-1884
Svetvinčenat,Births (Rođeni) 1568-1588
Svetvinčenat,Births (Rođeni) 1589-1646
Svetvinčenat,"Births (Rođeni) 1663-1708, 1696-1698"
Svetvinčenat,Births (Rođeni) 1709-1764
Svetvinčenat,"Births (Rođeni) 1764-1791, 1815-1874"
Svetvinčenat,Deaths (Umrli) 1791-1887
Svetvinčenat,Deaths (Umrli) 1887-1917
Svetvinčenat,"Marriages (Vjenčani) 1581-1589, 1622-1623"
Svetvinčenat,"Marriages (Vjenčani) 1762-1858, 1855-1895"
Tar,Births (Rođeni) 1815-1912
Tar,Deaths (Umrli) 1816-1862
Tar,Deaths (Umrli) 1863-1900
Tar,Marriages (Vjenčani) 1833-1873
Tinjan,Births (Rođeni) 1703-1880
Tinjan,Deaths (Umrli) 1785-1846
Tinjan,Marriages (Vjenčani) 1703-1896
Vižinada,Births (Rođeni) 1733-1792
Vižinada,Births (Rođeni) 1792-1828
Vižinada,"Births (Rođeni) 1815-1830, 1815-1830"
Vižinada,Births (Rođeni) 1831-1886
Vižinada,Deaths (Umrli) 1663-1820
Vižinada,Deaths (Umrli) 1754-1831
Vižinada,Marriages (Vjenčani) 1663-1822
Vižinada,Marriages (Vjenčani) 1815-1832
Vižinada,"Marriages (Vjenčani) 1821-1829, 1831-1888"
Vrsar,"Births (Rođeni) 1632-1673, 1660-1731"
Vrsar,Births (Rođeni) 1731-1882 Marriages (Vjenčani) 1634-1798
Vrsar,Deaths (Umrli) 1815-1898
Vrsar,"Marriages (Vjenčani) 1799-1829 Deaths (Umrli) 1815-1848, 1613-1822"
