US/PASS/NY/ELLIS2/022052108/2~A~Defranceschi~1922~United States, Passenger And Crew Lists~Americas~Passenger lists
US/BMD/CONNECTI_DEA/1155114~Agnes~Defranceschi~1996~Connecticut Deaths, 1949-2010~United States~Civil Deaths & Burials
USBMD/SSDI/049145542~Agnes A~Defranceschi~1996~Social Security Death Index~Connecticut, United States~Civil Deaths & Burials
US/TRIB/004637841~Agnes A~Defranceschi~1996~United States Obituary Notices~Waterbury, Connecticut, United States~Civil Deaths & Burials
US/FS/M/042212135/2~Albine~Defranceschi~1925~United States Marriages~Kings, Saratoga, New York, United States~Civil Marriage & Divorce
US/WV/DEATHS/0095926~Albino~Defranceschi~1932~West Virginia Deaths~West Virginia, United States~Civil Deaths & Burials
US/BMD/CONNECT_MARR/104399~Alfre~Defranceschi~1964~United States Marriages~Connecticut, United States~Civil Marriage & Divorce
USC/1930/004951299/01016/002~Alfred~Defranceschi~1930~Us Census 1930~Detroit, Wayne, Michigan, United States~Census
USC/1940/1621454490~Alfred~Defranceschi~1940~Us Census 1940~Dearborn, Wayne, Michigan, United States~Census
USBMD/SSDI/043097130~Alfred~Defranceschi~1999~Social Security Death Index~Connecticut, United States~Civil Deaths & Burials
US/TRIB/004024113~Alfred~Defranceschi~1999~United States Obituary Notices~Torrington, Connecticut, United States~Civil Deaths & Burials
US/BMD/CONNECTI_DEA/1256189~Alfred~Defranceschi~1999~Connecticut Deaths, 1949-2010~United States~Civil Deaths & Burials
USC/1930/004952163/00440/003~Aneglie~Defranceschi~1930~Us Census 1930~Manhattan, New York, United States~Census
US/ITAL_MIGR/322186~Angela~Defranceschi~1882~Italians To America~United States~Migration
US/PASS/PA/001735063580~Angelo~Defranceschi~1905~United States, Passenger And Crew Lists~Americas~Passenger lists
US/PASS/NY/ELLIS2/004009059/1~Angelo~Defranceschi~1911~United States, Passenger And Crew Lists~Americas~Passenger lists
US/PASS/NY/ELLIS2/024553771/2~Angelo~Defranceschi~1922~United States, Passenger And Crew Lists~Americas~Passenger lists
USC/1940/1559256265~Angelo~Defranceschi~1940~Us Census 1940~New York City, Bronx, Bronx, New York, United States~Census
USC/1940/1552847437~Anna~Defranceschi~1940~Us Census 1940~New York City, Queens, Queens, New York, United States~Census
USBMD/SSDI/101145503~Anna~Defranceschi~1982~Social Security Death Index~New York, United States~Civil Deaths & Burials
US/TRIB/009935848~Anna~Defranceschi~1982~United States Obituary Notices~White Plains, New York, United States~Civil Deaths & Burials
USC/1930/004952083/00239/011~Anthony~Defranceschi~1930~Us Census 1930~Brooklyn, Kings, New York, United States~Census
USC/1940/1552836684~Anthony~Defranceschi~1940~Us Census 1940~New York City, Queens, Queens, New York, United States~Census
US/PASS/NY/001732480332~Antonio~Defranceschi~1926~United States, Passenger And Crew Lists~Americas~Passenger lists
USBMD/SSDI/113129334~Antonio~Defranceschi~1979~Social Security Death Index~New York, United States~Civil Deaths & Burials
US/TRIB/011077807~Antonio~Defranceschi~1979~United States Obituary Notices~Corona-A, New York, United States~Civil Deaths & Burials
ANZ/BMD/VICTORIADEATH/1989533~Attilio~Defranceschi~1969~Australia, Civil Deaths & Burials 1780-1985~Brunswick, Victoria, Australia~Civil Deaths & Burials
USBMD/SSDI/361141973~Attilio F~Defranceschi~2010~Social Security Death Index~Illinois, United States~Civil Deaths & Burials
US/BMD/CONNECTI_DEA/70823~Barto~Defranceschi~1952~Connecticut Deaths, 1949-2010~United States~Civil Deaths & Burials
USBMD/SSDI/076320026~Basilio~Defranceschi~1994~Social Security Death Index~New York, United States~Civil Deaths & Burials
US/TRIB/007513902~Basilio~Defranceschi~1994~United States Obituary Notices~New York, New York, United States~Civil Deaths & Burials
US/PASS/NY/011965675400~Benito~Defranceschi~1955~United States, Passenger And Crew Lists~Americas~Passenger lists
USBMD/SSDI/363429792~Bernadette A~Defranceschi~1994~Social Security Death Index~Michigan, United States~Civil Deaths & Burials
US/TRIB/041174625~Bernadette A~Defranceschi~1994~United States Obituary Notices~Livonia, Michigan, United States~Civil Deaths & Burials
USBMD/SSDI/376349521~Beverly~Defranceschi~1976~Social Security Death Index~Michigan, United States~Civil Deaths & Burials
US/TRIB/042846121~Beverly~Defranceschi~1976~United States Obituary Notices~United States~Civil Deaths & Burials
US/PASS/NY/011978791674~Bruno~Defranceschi~1956~United States, Passenger And Crew Lists~Americas~Passenger lists
US/ITAL_MIGR/322188~Carlo~Defranceschi~1893~Italians To America~United States~Migration
US/ITAL_MIGR/322187~Carlo~Defranceschi~1893~Italians To America~United States~Migration
US/ITAL_MIGR/322189~Caterina~Defranceschi~1896~Italians To America~United States~Migration
US/PASS/NY/ELLIS2/012790434/1~Catterina~Defranceschi~1896~United States, Passenger And Crew Lists~Americas~Passenger lists
US/BMD/CONNECT_MARR/1725313~Claudia L~Defranceschi~1980~United States Marriages~Connecticut, United States~Civil Marriage & Divorce
US/BMD/CONNECTI_DEA/358989~Cloti~Defranceschi~1965~Connecticut Deaths, 1949-2010~United States~Civil Deaths & Burials
USC/1930/004951299/01016/000~Cosma~Defranceschi~1930~Us Census 1930~Detroit, Wayne, Michigan, United States~Census
USBMD/SSDI/375019822~Cosmo~Defranceschi~1972~Social Security Death Index~Michigan, United States~Civil Deaths & Burials
US/TRIB/042632101~Cosmo~Defranceschi~1972~United States Obituary Notices~Dearborn, Michigan, United States~Civil Deaths & Burials
USC/1940/1621439734~Cusmo~Defranceschi~1940~Us Census 1940~Dearborn, Wayne, Michigan, United States~Census
US/BMD/CONNECT_MARR/2022560~Debra A~Defranceschi~1991~United States Marriages~Connecticut, United States~Civil Marriage & Divorce
US/BMD/CONNECT_MARR/2139467~Debra A~Defranceschi~1996~United States Marriages~Connecticut, United States~Civil Marriage & Divorce
US/PASS/NY/ELLIS2/008546643/1~Domenico~Defranceschi~1905~United States, Passenger And Crew Lists~Americas~Passenger lists
192/DEFRANCESCHI/DOMINIC/SW16/2919132170~Dominic F~Defranceschi~2003-07~UK Electoral Registers & Companies House Directors~London, England~Electoral Rolls
USBMD/SSDI/375669002~Don G~Defranceschi~2010~Social Security Death Index~Michigan, United States~Civil Deaths & Burials
USC/1940/1621469600~Donald~Defranceschi~1940~Us Census 1940~Dearborn, Wayne, Michigan, United States~Census
USC/1940/1563191187~Doris~Defranceschi~1940~Us Census 1940~New York City, Brooklyn, Kings, New York, United States~Census
USBMD/SSDI/085281977~Duilio~Defranceschi~2003~Social Security Death Index~New York, United States~Civil Deaths & Burials
US/TRIB/008403456~Duilio~Defranceschi~2003~United States Obituary Notices~Manchester Township, New Jersey, United States~Civil Deaths & Burials
US/BMD/CONNECTI_DEA/1156125~Edith M~Defranceschi~1996~Connecticut Deaths, 1949-2010~United States~Civil Deaths & Burials
USC/1940/1501226381~Elias~Defranceschi~1940~Us Census 1940~District of Columbia, United States~Census
USC/1930/004950205/00644/036~Elias T~Defranceschi~1930~Us Census 1930~Washington, District of Columbia, United States~Census
USC/1930/004952163/00440/004~Elice~Defranceschi~1930~Us Census 1930~Manhattan, New York, United States~Census
USC/1940/1559261624~Elizabeth~Defranceschi~1940~Us Census 1940~New York City, Bronx, Bronx, New York, United States~Census
USBMD/SSDI/364101351~Emanuele~Defranceschi~1977~Social Security Death Index~Michigan, United States~Civil Deaths & Burials
US/TRIB/041231907~Emanuele~Defranceschi~1977~United States Obituary Notices~Lake City, Michigan, United States~Civil Deaths & Burials
US/MARSINTEX/7246215/1~Estefania~Defranceschi~2004~United States Marriages~Americas~Civil Marriage & Divorce
US/BMD/MAR/TEXAS/14729451~Estefania~Defranceschi~2004~United States Marriages~Dallas, Texas, United States~Civil Marriage & Divorce
USBMD/SSDI/072229616~Evelyn~Defranceschi~2005~Social Security Death Index~New York, United States~Civil Deaths & Burials
US/TRIB/007094705~Evelyn~Defranceschi~2005~United States Obituary Notices~Marcus Hook, Pennsylvania, United States~Civil Deaths & Burials
USC/1940/1559269506~Ferdenand~Defranceschi~1940~Us Census 1940~New York City, Bronx, Bronx, New York, United States~Census
US/FS/M/028753869/2~Flora~Defranceschi~1935~United States Marriages~Shelby, Tennessee, United States~Civil Marriage & Divorce
US/FS/M/028755192/2~Flora~Defranceschi~1935~United States Marriages~Shelby, Tennessee, United States~Civil Marriage & Divorce
US/PASS/PA/001735063919~Flornido~Defranceschi~1903~United States, Passenger And Crew Lists~Americas~Passenger lists
US/PASS/NY/ELLIS2/021332972/2~Francesca~Defranceschi~1920~United States, Passenger And Crew Lists~Americas~Passenger lists
US/PASS/NY/ELLIS2/012294981/2~Francesca~Defranceschi~1920~United States, Passenger And Crew Lists~Americas~Passenger lists
US/PASS/NY/ELLIS2/012294980/2~Francesca~Defranceschi~1920~United States, Passenger And Crew Lists~Americas~Passenger lists
USM/WWIDR/1649450285~Frankeseo~Defranceschi~1917-18~World War I Draft Registration Cards~Litchfield County No 18, Connecticut, United States~First World War
USC/1930/004952163/00440/005~Fred~Defranceschi~1930~Us Census 1930~Manhattan, New York, United States~Census
USBMD/SSDI/319226591~Frieda~Defranceschi~1988~Social Security Death Index~Illinois, United States~Civil Deaths & Burials
US/TRIB/036572409~Frieda~Defranceschi~1988~United States Obituary Notices~Chicago, Illinois, United States~Civil Deaths & Burials
ANZ/NSW/PASS/UNASST/02568947~G~Defranceschi~1893~Australia, Inward, Outward & Coastal Passenger Lists 1826-1972~New South Wales, Australia~Passenger lists
ANZ/AUSPASS/NAA/013003605~G~Defranceschi~1965~Australia, Inward, Outward & Coastal Passenger Lists 1826-1972~New South Wales, Australia~Passenger lists
ANZ/AUSPASS/NAA/013003606~Gimsepe~Defranceschi~1965~Australia, Inward, Outward & Coastal Passenger Lists 1826-1972~Australia~Passenger lists
US/PASS/NY/ELLIS2/012380686/1~Gio Batta~Defranceschi~1906~United States, Passenger And Crew Lists~Americas~Passenger lists
US/ITAL_MIGR/322190~Giov~Defranceschi~1882~Italians To America~United States~Migration
US/ITAL_MIGR/322191~Giovanni~Defranceschi~1892~Italians To America~United States~Migration
US/PASS/NY/ELLIS2/012491796/1~Giovanni~Defranceschi~1892~United States, Passenger And Crew Lists~Americas~Passenger lists
US/PASS/NY/ELLIS2/001517999/1~Giovanni~Defranceschi~1915~United States, Passenger And Crew Lists~Americas~Passenger lists
US/PASS/NY/ELLIS2/018179901/1~Giovanni~Defranceschi~1922~United States, Passenger And Crew Lists~Americas~Passenger lists
US/PASSENGERLISTS/00012178533~Giovanni~Defranceschi~1924~United States, Passenger And Crew Lists~Americas~Passenger lists
R_22759239667~Giovanni~Defranceschi~1937~Illinois, Northern District, Naturalization Index~Chicago, Cook, Illinois, United States~Naturalizations
USC/1930/004952163/00440/007~Gloria~Defranceschi~1930~Us Census 1930~Manhattan, New York, United States~Census
USC/1940/1559335002~Gloria~Defranceschi~1940~Us Census 1940~New York City, Bronx, Bronx, New York, United States~Census
USC/1930/004952083/00239/010~Grochina~Defranceschi~1930~Us Census 1930~Brooklyn, Kings, New York, United States~Census
USC/1940/1621406190~James~Defranceschi~1940~Us Census 1940~Dearborn, Wayne, Michigan, United States~Census
US/PASS/NY/ELLIS2/021817907/1~Jean~Defranceschi~1898~United States, Passenger And Crew Lists~Americas~Passenger lists
USC/1940/1559273002~Jemma~Defranceschi~1940~Us Census 1940~New York City, Bronx, Bronx, New York, United States~Census
USC/1930/004952163/00440/006~Jennie~Defranceschi~1930~Us Census 1930~Manhattan, New York, United States~Census
USC/1930/004950205/00644/032~Jerisa~Defranceschi~1930~Us Census 1930~Washington, District of Columbia, United States~Census
USBMD/SSDI/383301437~Joan B~Defranceschi~2002~Social Security Death Index~Michigan, United States~Civil Deaths & Burials
US/TRIB/043690910~Joan B~Defranceschi~2002~United States Obituary Notices~Westland, Michigan, United States~Civil Deaths & Burials
US/MCV/862862/10854606133306152192~Joao~Defranceschi~1992~Texas, Divorce Record Index, 1968-2002~Dallas, Texas, United States~Civil Marriage & Divorce
US/BMD/DIV/TEXAS/2946583~Joao F~Defranceschi~1992~Texas Divorce Indexes~Dallas, Texas, United States~Civil Marriage & Divorce
USC/1940/1552849903~John~Defranceschi~1940~Us Census 1940~New York City, Queens, Queens, New York, United States~Census
US/USNATUR/3444230/0~Joseph~Defranceschi~1912~United States Naturalization Petitions~New York, United States~Naturalizations
US/USNATUR/3444231/0~Joseph~Defranceschi~1915~United States Naturalization Petitions~New York, United States~Naturalizations
US/USNATUR/3444233/0~Joseph~Defranceschi~1916~United States Naturalization Petitions~New York, United States~Naturalizations
USM/WWIDR/1707799496~Joseph~Defranceschi~1917-18~World War I Draft Registration Cards~New York City No 27, New York, United States~First World War
US/PASS/NORTHCAROLINA/0058592~Joseph~Defranceschi~1923~United States, Passenger And Crew Lists~New England, United States~Passenger lists
US/PASS/NY/ELLIS2/015243585/1~Joseph~Defranceschi~1923~United States, Passenger And Crew Lists~Americas~Passenger lists
FS/MAR/33603051/1~Joseph~Defranceschi~1926~United States Marriages~Manhattan, New York, United States~Civil Marriage & Divorce
USC/1940/1563175626~Joseph~Defranceschi~1940~Us Census 1940~New York City, Brooklyn, Kings, New York, United States~Census
USC/1940/1563191577~Joseph~Defranceschi~1940~Us Census 1940~New York City, Brooklyn, Kings, New York, United States~Census
US/PASS/NY/011973971027~Joseph~Defranceschi~1945~United States, Passenger And Crew Lists~Americas~Passenger lists
US/PASS/NY/011978224514~Joseph J~Defranceschi~1945~United States, Passenger And Crew Lists~Americas~Passenger lists
US/FS/M/004144850/2~Juliette~Defranceschi~1942~United States Marriages~District of Columbia, United States~Civil Marriage & Divorce
USC/1940/1501236243~Julius~Defranceschi~1940~Us Census 1940~District of Columbia, United States~Census
USC/1930/004950205/00644/037~Julius C~Defranceschi~1930~Us Census 1930~Washington, District of Columbia, United States~Census
BMD/D/1931/4/AZ/000222/147~Laura~Defranceschi~1931~England & Wales Deaths 1837-2007~Croydon, Surrey, England~Civil Deaths & Burials
US/MARSINTEX/6734406/1~Laura~Defranceschi~2004~United States Marriages~Americas~Civil Marriage & Divorce
US/BMD/MAR/TEXAS/14575080~Laura~Defranceschi~2004~United States Marriages~Tarrant, Texas, United States~Civil Marriage & Divorce
USBMD/SSDI/043092779~Leono~Defranceschi~1969~Social Security Death Index~Connecticut, United States~Civil Deaths & Burials
US/TRIB/004021225~Leono~Defranceschi~1969~United States Obituary Notices~United States~Civil Deaths & Burials
US/BMD/CONNECTI_DEA/459130~Leono~Defranceschi~1969~Connecticut Deaths, 1949-2010~United States~Civil Deaths & Burials
USC/1940/1501259059~Letizia~Defranceschi~1940~Us Census 1940~District of Columbia, United States~Census
USBMD/SSDI/142801117~Lidia~Defranceschi~1997~Social Security Death Index~New Jersey, United States~Civil Deaths & Burials
US/TRIB/013810003~Lidia~Defranceschi~1997~United States Obituary Notices~Clifton, New Jersey, United States~Civil Deaths & Burials
US/PASS/NY/011976685323~Livio~Defranceschi~1957~United States, Passenger And Crew Lists~Americas~Passenger lists
USM/WWIDR/1647915497~Louis~Defranceschi~1917-18~World War I Draft Registration Cards~District of Columbia No 1, District of Columbia, United States~First World War
USC/1930/004950205/00644/031~Louis~Defranceschi~1930~Us Census 1930~Washington, District of Columbia, United States~Census
US/BMD/CONNECT_MARR/2254748~Lynn M~Defranceschi~2002~United States Marriages~Connecticut, United States~Civil Marriage & Divorce
US/PASS/NY/ELLIS2/016269656/1~Maria~Defranceschi~1899~United States, Passenger And Crew Lists~Americas~Passenger lists
US/ITAL_MIGR/322192~Maria~Defranceschi~1899~Italians To America~United States~Migration
US/PASS/NY/011978722543~Maria~Defranceschi~1956~United States, Passenger And Crew Lists~Americas~Passenger lists
USBMD/SSDI/582443564~Maria~Defranceschi~1983~Social Security Death Index~Puerto Rico, United States~Civil Deaths & Burials
US/TRIB/075657282~Maria~Defranceschi~1983~United States Obituary Notices~San Juan, Puerto Rico, United States~Civil Deaths & Burials
US/BMD/DIV/TEXAS/6485473~Maria I~Defranceschi~1992~Texas Divorce Indexes~Dallas, Texas, United States~Civil Marriage & Divorce
US/ITAL_MIGR/322193~Marietta~Defranceschi~1882~Italians To America~United States~Migration
US/PASS/NY/ELLIS2/016453669/2~Marta~Defranceschi~1922~United States, Passenger And Crew Lists~Americas~Passenger lists
USC/1930/004951299/01016/001~Mary~Defranceschi~1930~Us Census 1930~Detroit, Wayne, Michigan, United States~Census
USC/1940/1563183336~Mary~Defranceschi~1940~Us Census 1940~New York City, Brooklyn, Kings, New York, United States~Census
USC/1940/1621447496~Mary~Defranceschi~1940~Us Census 1940~Dearborn, Wayne, Michigan, United States~Census
US/BMD/CONNECTI_DEA/540106~Mary~Defranceschi~1972~Connecticut Deaths, 1949-2010~United States~Civil Deaths & Burials
USBMD/SSDI/362030134~Mary~Defranceschi~1990~Social Security Death Index~Michigan, United States~Civil Deaths & Burials
US/TRIB/040948564~Mary~Defranceschi~1990~United States Obituary Notices~United States~Civil Deaths & Burials
USBMD/SSDI/373074536~Mary G~Defranceschi~1994~Social Security Death Index~Michigan, United States~Civil Deaths & Burials
US/TRIB/042408618~Mary G~Defranceschi~1994~United States Obituary Notices~Trenton, Michigan, United States~Civil Deaths & Burials
USBMD/SSDI/085307348~Nella~Defranceschi~1992~Social Security Death Index~New York, United States~Civil Deaths & Burials
US/TRIB/008410231~Nella~Defranceschi~1992~United States Obituary Notices~United States~Civil Deaths & Burials
ANZ/AUSPASS/NAA/007455731~Olga Mary~Defranceschi~1972~Australia, Inward, Outward & Coastal Passenger Lists 1826-1972~Australia~Passenger lists
192/DEFRANCESCHI/PAOLA/CV32/2694767914~Paola~Defranceschi~2005~UK Electoral Registers & Companies House Directors~Leamington Spa, Warwickshire, England~Electoral Rolls
USC/1940/1501345449~Pete~Defranceschi~1940~Us Census 1940~District of Columbia, United States~Census
USC/1930/004950205/00644/033~Pete P~Defranceschi~1930~Us Census 1930~Washington, District of Columbia, United States~Census
MIGR/MASTER/043748214~Peter~Defranceschi~1939~British & Irish Roots Collection~Americas~Migration
TNA/BT27/1547000061/00108~Peter~Defranceschi~1939~Passenger Lists Leaving UK 1890-1960~New York, United States~Passenger lists
R_102912794645~Redon Emma~Defranceschi~~United States, Passenger And Crew Lists~Americas~Passenger lists
USC/1940/1501285823~Reno~Defranceschi~1940~Us Census 1940~District of Columbia, United States~Census
USC/1930/004950205/00644/034~Reno L~Defranceschi~1930~Us Census 1930~Washington, District of Columbia, United States~Census
US/PASS/NY/011866758772~Riccardo~Defranceschi~1949~United States, Passenger And Crew Lists~Americas~Passenger lists
USC/1940/1621400125~Richard~Defranceschi~1940~Us Census 1940~Dearborn, Wayne, Michigan, United States~Census
US/ITAL_MIGR/322194~Romeo~Defranceschi~1882~Italians To America~United States~Migration
US/BMD/CONNECT_MARR/217060~Ronal F~Defranceschi~1969~United States Marriages~Connecticut, United States~Civil Marriage & Divorce
US/BMD/CONNECT_MARR/1061023~Ronald R~Defranceschi~2004~United States Marriages~Connecticut, United States~Civil Marriage & Divorce
US/ITAL_MIGR/322195~Rosa~Defranceschi~1899~Italians To America~United States~Migration
US/PASS/NY/ELLIS2/016269655/1~Rosa~Defranceschi~1899~United States, Passenger And Crew Lists~Americas~Passenger lists
USC/1910/004970285/00717/023~Santo~Defranceschi~1910~Us Census 1910~San Francisco Assembly District 45, San Francisco, California, United States~Census
US/MARSINTEX/3214707/1~Sara~Defranceschi~1996~United States Marriages~Americas~Civil Marriage & Divorce
US/BMD/MAR/TEXAS/13395566~Sara~Defranceschi~1996~United States Marriages~Wichita, Texas, United States~Civil Marriage & Divorce
US/BMD/OHIO_MARRIAGES/1054398~Steven G~Defranceschi~1981~United States Marriages~Butler, Ohio, United States~Civil Marriage & Divorce
US/ITAL_MIGR/322196~Teresa~Defranceschi~1882~Italians To America~United States~Migration
USC/1940/1501277648~Teresa~Defranceschi~1940~Us Census 1940~District of Columbia, United States~Census
USC/1930/004950205/00644/035~Tobias~Defranceschi~1930~Us Census 1930~Washington, District of Columbia, United States~Census
USC/1940/1501288987~Tobias~Defranceschi~1940~Us Census 1940~District of Columbia, United States~Census
USBMD/SSDI/266168309~Tobias~Defranceschi~1972~Social Security Death Index~Florida, United States~Civil Deaths & Burials
US/TRIB/030116693~Tobias~Defranceschi~1972~United States Obituary Notices~Cathedral City, California, United States~Civil Deaths & Burials
S2/US/DIRECTORIES/NYPL/56832605/0464~~~1887-88~United States Directories & Almanacs~Americas~Directories & almanacs
S2/US/DIRECTORIES/NYPL/56837485/0472~~~1889-90~United States Directories & Almanacs~Americas~Directories & almanacs
S2/US/DIRECTORIES/NYPL/56839925/0310~~~1890-91~United States Directories & Almanacs~Americas~Directories & almanacs
S2/US/DIRECTORIES/NYPL/56864185/0327~~~1893-94~United States Directories & Almanacs~Americas~Directories & almanacs
S2/US/DIRECTORIES/NYPL/56865905/0320~~~1894-95~United States Directories & Almanacs~Americas~Directories & almanacs
S2/US/DIRECTORIES/NYPL/56872865/1903~~~1897-99~United States Directories & Almanacs~Americas~Directories & almanacs
S2/US/DIRECTORIES/NYPL/56877705/0307~~~1900-01~United States Directories & Almanacs~Americas~Directories & almanacs
US/PASS/NY/ELLIS2/004665826/2~~de Franceschi~1910~United States, Passenger And Crew Lists~Americas~Passenger lists
US/PASS/NY/ELLIS2/003835879/3~~de Franceschi~1912~United States, Passenger And Crew Lists~Americas~Passenger lists
US/PASS/NY/ELLIS2/001854597/3~~de Franceschi~1914~United States, Passenger And Crew Lists~Americas~Passenger lists
US/PASS/NY/ELLIS2/017442717/2~~de Franceschi~1919~United States, Passenger And Crew Lists~Americas~Passenger lists
US/PASS/NY/ELLIS2/018210025/2~~de Franceschi~1920~United States, Passenger And Crew Lists~Americas~Passenger lists
ANZ/AUSPASS/NAA/012562827~Adelia~de Franceschi~1957~Australia, Inward, Outward & Coastal Passenger Lists 1826-1972~Western Australia, Australia~Passenger lists
R_102813143907~Agostino~de Franceschi~1910~United States, Passenger And Crew Lists~Americas~Passenger lists
US/PASS/NY/ELLIS2/004804252/1~Agostino~de Franceschi~1910~United States, Passenger And Crew Lists~Americas~Passenger lists
USC/1930/004953928/00705/018~Alba~de Franceschi~1930~Us Census 1930~Memphis, Shelby, Tennessee, United States~Census
USC/1940/1631271537~Alba~de Franceschi~1940~Us Census 1940~Memphis, Shelby, Tennessee, United States~Census
USC/1930/004953928/00705/016~Albert~de Franceschi~1930~Us Census 1930~Memphis, Shelby, Tennessee, United States~Census
US/PASS/NY/001703969456~Alberto~de Franceschi~1925~United States, Passenger And Crew Lists~Americas~Passenger lists
R_102909413254~Albina~de Franceschi~~United States, Passenger And Crew Lists~Americas~Passenger lists
US/PASS/NY/ELLIS2/016453670/1~Albina~de Franceschi~1922~United States, Passenger And Crew Lists~Americas~Passenger lists
R_102908512651~Albino~de Franceschi~1920~United States, Passenger And Crew Lists~Americas~Passenger lists
US/PASS/NY/ELLIS2/001375405/1~Albino~de Franceschi~1920~United States, Passenger And Crew Lists~Americas~Passenger lists
ANZ/AUSPASS/NAA/012562828~Albino~de Franceschi~1957~Australia, Inward, Outward & Coastal Passenger Lists 1826-1972~Western Australia, Australia~Passenger lists
192/DEFRANCESCHI/ALINE/OX7/1824367683~Aline D M B~de Franceschi~2020~UK Electoral Registers & Companies House Directors~Chipping Norton, Oxfordshire, England~Electoral Rolls
US/NY/CATH/PR/MAR/PH3/00042747/G~Andrea~de Franceschi~1899~New York Roman Catholic Parish Marriages~St Anthony of Padua, Manhattan, New York, United States~Parish Marriages
ANZ/AUSPASS/NAA/003578032~Andrew~de Franceschi~1970~Australia, Inward, Outward & Coastal Passenger Lists 1826-1972~Australia~Passenger lists
R_102908365896~Angela~de Franceschi~1920~United States, Passenger And Crew Lists~Americas~Passenger lists
US/PASS/NY/ELLIS2/015702601/1~Angela~de Franceschi~1920~United States, Passenger And Crew Lists~Americas~Passenger lists
US/PASS/NY/ELLIS2/005354829/2~Angeld~de Franceschi~1910~United States, Passenger And Crew Lists~Americas~Passenger lists
192/DEFRANCESCHI/ANGELIQUE/UB4/311542949~Angelique B~de Franceschi~2003~UK Electoral Registers & Companies House Directors~Hayes, Middlesex, England~Electoral Rolls
192/DEFRANCESCHI/ANGELIQUE/UB3/2921776842~Angelique B~de Franceschi~2014-17~UK Electoral Registers & Companies House Directors~Hayes, Middlesex, England~Electoral Rolls
R_102908984077~Angelo~de Franceschi~~United States, Passenger And Crew Lists~Americas~Passenger lists
US/PASS/NY/ELLIS2/019590029/1~Angelo~de Franceschi~1915~United States, Passenger And Crew Lists~Americas~Passenger lists
US/PASS/NY/ELLIS2/019600209/1~Angelo~de Franceschi~1915~United States, Passenger And Crew Lists~Americas~Passenger lists
US/PASS/NY/ELLIS2/001375405/2~Angelo~de Franceschi~1920~United States, Passenger And Crew Lists~Americas~Passenger lists
US/PASS/NY/ELLIS2/018210025/1~Angelo~de Franceschi~1920~United States, Passenger And Crew Lists~Americas~Passenger lists
US/PASS/NY/ELLIS2/019415595/1~Angelo~de Franceschi~1921~United States, Passenger And Crew Lists~Americas~Passenger lists
ANZ/AUSPASS/NAA/001596649~Angelo~de Franceschi~1960~Australia, Inward, Outward & Coastal Passenger Lists 1826-1972~Australia~Passenger lists
ANZ/AUSPASS/NAA/000547952~Angelo~de Franceschi~1967~Australia, Inward, Outward & Coastal Passenger Lists 1826-1972~Australia~Passenger lists
ANZ/AUSPASS/NAA/007450902~Angelo~de Franceschi~1972~Australia, Inward, Outward & Coastal Passenger Lists 1826-1972~Australia~Passenger lists
US/PASS/NY/012238017658~Angiola~de Franceschi~1882~United States, Passenger And Crew Lists~Americas~Passenger lists
US/PASS/NY/ELLIS2/004009060/2~Anna~de Franceschi~1911~United States, Passenger And Crew Lists~Americas~Passenger lists
US/PASS/NY/ELLIS2/003835879/1~Anna~de Franceschi~1912~United States, Passenger And Crew Lists~Americas~Passenger lists
ANZ/AUSPASS/NAA/003578033~Anna~de Franceschi~1970~Australia, Inward, Outward & Coastal Passenger Lists 1826-1972~Australia~Passenger lists
192/DEFRANCESCHI/ANNALISA/CM2/4027916601~Annalisa~de Franceschi~2016-22~UK Electoral Registers & Companies House Directors~Chelmsford, Essex, England~Electoral Rolls
US/PASS/NY/ELLIS2/000542551/2~Ant~de Franceschi~1921~United States, Passenger And Crew Lists~Americas~Passenger lists
USC/1930/004953928/00705/014~Anthony~de Franceschi~1930~Us Census 1930~Memphis, Shelby, Tennessee, United States~Census
USC/1930/004953928/00705/023~Anthony~de Franceschi~1930~Us Census 1930~Memphis, Shelby, Tennessee, United States~Census
USC/1940/1631291966~Anthony~de Franceschi~1940~Us Census 1940~Memphis, Shelby, Tennessee, United States~Census
R_102910856842~Antonio~de Franceschi~~United States, Passenger And Crew Lists~Americas~Passenger lists
R_102909413203~Antonio~de Franceschi~~United States, Passenger And Crew Lists~Americas~Passenger lists
R_102912069571~Antonio~de Franceschi~~United States, Passenger And Crew Lists~Americas~Passenger lists
US/PASS/NY/ELLIS2/013575672/1~Antonio~de Franceschi~1894~United States, Passenger And Crew Lists~Americas~Passenger lists
US/PASS/CANBORDER/002988698~Antonio~de Franceschi~1895-1924~United States, Canadian Border Crossings~Vermont, United States~Passenger lists
US/PASS/NY/ELLIS2/017696100/1~Antonio~de Franceschi~1901~United States, Passenger And Crew Lists~Americas~Passenger lists
R_102907351350~Antonio~de Franceschi~1913~United States, Passenger And Crew Lists~Americas~Passenger lists
US/PASS/NY/ELLIS2/002604220/1~Antonio~de Franceschi~1913~United States, Passenger And Crew Lists~Americas~Passenger lists
US/PASS/CANBORDER/001830116~Antonio~de Franceschi~1914~United States, Canadian Border Crossings~Vermont, United States~Passenger lists
US/PASS/NY/ELLIS2/019590029/3~Antonio~de Franceschi~1915~United States, Passenger And Crew Lists~Americas~Passenger lists
US/PASS/NY/ELLIS2/001503233/3~Antonio~de Franceschi~1915~United States, Passenger And Crew Lists~Americas~Passenger lists
US/PASS/NY/ELLIS2/001518072/3~Antonio~de Franceschi~1915~United States, Passenger And Crew Lists~Americas~Passenger lists
US/PASS/NY/ELLIS2/001518071/3~Antonio~de Franceschi~1915~United States, Passenger And Crew Lists~Americas~Passenger lists
US/PASS/NY/ELLIS2/019600209/3~Antonio~de Franceschi~1915~United States, Passenger And Crew Lists~Americas~Passenger lists
R_102908513998~Antonio~de Franceschi~1920~United States, Passenger And Crew Lists~Americas~Passenger lists
US/PASS/NY/ELLIS2/001381187/1~Antonio~de Franceschi~1920~United States, Passenger And Crew Lists~Americas~Passenger lists
US/PASS/NY/ELLIS2/017014726/1~Antonio~de Franceschi~1922~United States, Passenger And Crew Lists~Americas~Passenger lists
US/PASS/NY/ELLIS2/016453669/1~Antonio~de Franceschi~1922~United States, Passenger And Crew Lists~Americas~Passenger lists
US/PASS/NY/001703969455~Antonio~de Franceschi~1925~United States, Passenger And Crew Lists~Americas~Passenger lists
US/PASS/NY/011989765798~Antonio~de Franceschi~1928~United States, Passenger And Crew Lists~Americas~Passenger lists
FS/MAR/38937000/1~Antonio~de Franceschi~1928~United States Marriages~Manhattan, New York, United States~Civil Marriage & Divorce
ANZ/AUSPASS/NAA/006545076~Antonio~de Franceschi~1951~Australia, Inward, Outward & Coastal Passenger Lists 1826-1972~Victoria, Australia~Passenger lists
ANZ/AUSPASS/NAA/002606304~Antonio~de Franceschi~1964~Australia, Inward, Outward & Coastal Passenger Lists 1826-1972~Australia~Passenger lists
192/DEFRANCESCHI/ANTONIO/WA5/2576460321~Antonio J~de Franceschi~2023-25~UK Electoral Registers & Companies House Directors~Warrington, Cheshire, England~Electoral Rolls
R_105847963809~Antony~de Franceschi~1934~United States, Passenger And Crew Lists~Americas~Passenger lists
US/PASS/NY/011974901888~Antony~de Franceschi~1934~United States, Passenger And Crew Lists~Americas~Passenger lists
US/NY/CATH/PR/MAR/00121700/B~Armelinda M~de Franceschi~1911~New York Roman Catholic Parish Marriages~Ascension, New York County, New York, United States~Parish Marriages
FS/MAR/37117756/2~Armelinda Mary~de Franceschi~1911~United States Marriages~Manhattan, New York, United States~Civil Marriage & Divorce
ANZ/AUSPASS/NAA/010788170~Assunta~de Franceschi~1968~Australia, Inward, Outward & Coastal Passenger Lists 1826-1972~Australia~Passenger lists
USC/1930/004950451/00863/048~Ateo~de Franceschi~1930~Us Census 1930~Chicago, Cook, Illinois, United States~Census
US/PASS/NY/ELLIS2/021415583/3~Bartolo~de Franceschi~1913~United States, Passenger And Crew Lists~Americas~Passenger lists
US/PASS/NY/011968119908~Basilio~de Franceschi~1956~United States, Passenger And Crew Lists~Americas~Passenger lists
US/PASS/NY/012023872769~Benito~de Franceschi~1935~United States, Passenger And Crew Lists~Americas~Passenger lists
US/PASS/NY/012025365371~Benito~de Franceschi~1955~United States, Passenger And Crew Lists~Americas~Passenger lists
US/PASS/NY/011967835118~Benito~de Franceschi~1955~United States, Passenger And Crew Lists~Americas~Passenger lists
US/PASS/NY/012024185976~Benito~de Franceschi~1955~United States, Passenger And Crew Lists~Americas~Passenger lists
US/PASS/NY/011978721443~Benito~de Franceschi~1956~United States, Passenger And Crew Lists~Americas~Passenger lists
US/PASS/NY/011980826952~Benito~de Franceschi~1956~United States, Passenger And Crew Lists~Americas~Passenger lists
US/PASS/NY/ELLIS2/017696101/1~Benjamino~de Franceschi~1901~United States, Passenger And Crew Lists~Americas~Passenger lists
ANZ/AUSPASS/NAA/010788171~Bernardino~de Franceschi~1968~Australia, Inward, Outward & Coastal Passenger Lists 1826-1972~Australia~Passenger lists
ANZ/AUSPASS/NAA/007450903~Bernardino~de Franceschi~1972~Australia, Inward, Outward & Coastal Passenger Lists 1826-1972~Australia~Passenger lists
USC/1940/1631268214~Bertha~de Franceschi~1940~Us Census 1940~Memphis, Shelby, Tennessee, United States~Census
USC/1930/004953928/00705/015~Bertha G~de Franceschi~1930~Us Census 1930~Memphis, Shelby, Tennessee, United States~Census
US/PASSENGERLISTS/00003650300~Bertha Johanna~de Franceschi~1932~United States, Passenger And Crew Lists~Americas~Passenger lists
US/PASS/NY/ELLIS2/008337528/3~Borfolo~de Franceschi~1906~United States, Passenger And Crew Lists~Americas~Passenger lists
US/PASS/NY/ELLIS2/008822063/3~Bortolo~de Franceschi~1905~United States, Passenger And Crew Lists~Americas~Passenger lists
R_103885121559~Bruno~de Franceschi~~United States, Passenger And Crew Lists~Americas~Passenger lists
FS/MAR/36242052/1~Bruno~de Franceschi~1931~United States Marriages~Manhattan, New York, United States~Civil Marriage & Divorce
US/PASS/NY/001759385728~Bruno~de Franceschi~1932~United States, Passenger And Crew Lists~Americas~Passenger lists
US/USNATUR/3829770/1~Bruno~de Franceschi~1939~United States Naturalization Petitions~New York, United States~Naturalizations
US/PASS/NY/ELLIS2/023180337/1~Carlo~de Franceschi~1893~United States, Passenger And Crew Lists~Americas~Passenger lists
US/PASS/NY/ELLIS2/017276680/1~Carlo~de Franceschi~1893~United States, Passenger And Crew Lists~Americas~Passenger lists
US/PASS/NY/011969538481~Carlo~de Franceschi~1950~United States, Passenger And Crew Lists~Americas~Passenger lists
ANZ/AUSPASS/NAA/003578034~Carol~de Franceschi~1970~Australia, Inward, Outward & Coastal Passenger Lists 1826-1972~Australia~Passenger lists
ANZ/QFHS_QSPI3/261757~Caterina~de Franceschi~1974~Queensland School Pupils~Queensland, Australia~Schools & education
192/DEFRANCESCHI/CATHERINE/UB4/1188447205~Catherine M~de Franceschi~2002-03~UK Electoral Registers & Companies House Directors~Hayes, Middlesex, England~Electoral Rolls
192/DEFRANCESCHI/CATHERINE/PL14/2234449360~Catherine M~de Franceschi~2004-06~UK Electoral Registers & Companies House Directors~Liskeard, Cornwall, England~Electoral Rolls
ANZ/AUSPASS/NAA/003578035~Cesare~de Franceschi~1970~Australia, Inward, Outward & Coastal Passenger Lists 1826-1972~Australia~Passenger lists
192/DEFRANCESCHI/CHRISTIAN/WA14/532283918~Christian~de Franceschi~1998-2018~UK Electoral Registers & Companies House Directors~Altrincham, Cheshire, England~Electoral Rolls
R_102912730507~Clotilde~de Franceschi~~United States, Passenger And Crew Lists~Americas~Passenger lists
US/PASS/NY/ELLIS2/015614731/3~Clotilde~de Franceschi~1923~United States, Passenger And Crew Lists~Americas~Passenger lists
US/PASS/NY/012024250330~Clotilde~de Franceschi~1955~United States, Passenger And Crew Lists~Americas~Passenger lists
USC/1940/1583316076~Coltilda~de Franceschi~1940~Us Census 1940~Torrington, Litchfield, Connecticut, United States~Census
US/PASS/NY/ELLIS2/010201993/1~Conception J.~de Franceschi~1903~United States, Passenger And Crew Lists~Americas~Passenger lists
US/PASS/PA/001699589030~Cosimo~de Franceschi~1921~United States, Passenger And Crew Lists~Americas~Passenger lists
US/PASS/PA/001735063800~Cosimo~de Franceschi~1921~United States, Passenger And Crew Lists~Americas~Passenger lists
BMD/M/1994/10/88954555~Daniel~de Franceschi~1994~England & Wales Marriages 1837-2005~Lambeth, London, England~Civil Marriage & Divorce
192/DEFRANCESCHI/DANIEL/SE3/245517229~Daniel~de Franceschi~2004~UK Electoral Registers & Companies House Directors~London, England~Electoral Rolls
BMD/OVS/ARM2/000860/102~Daphne~de Franceschi~1946~British Armed Forces And Overseas Banns And Marriages~Trieste, Italy~Civil Marriage & Divorce
BMD/M/1964/4/AZ/000254/015~Daphne~de Franceschi~1964~England & Wales Marriages 1837-2005~Marylebone, London, England~Civil Marriage & Divorce
US/PASS/NY/011974466290~Dario~de Franceschi~1956~United States, Passenger And Crew Lists~Americas~Passenger lists
192/DEFRANCESCHI/DAVIDE/WA1/1978338852~Davide~de Franceschi~1998-2018~UK Electoral Registers & Companies House Directors~Warrington, Cheshire, England~Electoral Rolls
192/DEFRANCESCHI/DAVIDE/E16/4004390192~Davide~de Franceschi~2020-21~UK Electoral Registers & Companies House Directors~London, England~Electoral Rolls
R_102911792768~De Micheli Ida~de Franceschi~~United States, Passenger And Crew Lists~Americas~Passenger lists
US/PASS/NY/011979122113~De Michiel Ida~de Franceschi~1934~United States, Passenger And Crew Lists~Americas~Passenger lists
US/PASS/NY/ELLIS2/019641542/2~Dom~de Franceschi~1921~United States, Passenger And Crew Lists~Americas~Passenger lists
R_102908984007~Domenico~de Franceschi~~United States, Passenger And Crew Lists~Americas~Passenger lists
R_309228483~Domenico~de Franceschi~1900~Italy Deaths & Burials 1809-1900~Italy~Parish Burials
US/PASS/NY/ELLIS2/008664632/3~Domenico~de Franceschi~1905~United States, Passenger And Crew Lists~Americas~Passenger lists
US/PASS/NY/ELLIS2/008431493/1~Domenico~de Franceschi~1905~United States, Passenger And Crew Lists~Americas~Passenger lists
US/PASS/NY/ELLIS2/005126099/3~Domenico~de Franceschi~1910~United States, Passenger And Crew Lists~Americas~Passenger lists
US/PASS/NY/ELLIS2/005126104/3~Domenico~de Franceschi~1910~United States, Passenger And Crew Lists~Americas~Passenger lists
US/PASS/NY/ELLIS2/005126102/3~Domenico~de Franceschi~1910~United States, Passenger And Crew Lists~Americas~Passenger lists
US/PASS/NY/ELLIS2/020338831/3~Domenico~de Franceschi~1910~United States, Passenger And Crew Lists~Americas~Passenger lists
US/PASS/NY/ELLIS2/019641542/1~Domenico~de Franceschi~1921~United States, Passenger And Crew Lists~Americas~Passenger lists
US/PASS/NY/ELLIS2/012509508/3~Domoc~de Franceschi~1909~United States, Passenger And Crew Lists~Americas~Passenger lists
US/PASS/NY/001703969457~Doris~de Franceschi~1925~United States, Passenger And Crew Lists~Americas~Passenger lists
ANZ/AUSPASS/NAA/007450904~Douglas Enrico~de Franceschi~1972~Australia, Inward, Outward & Coastal Passenger Lists 1826-1972~Australia~Passenger lists
US/PASS/NY/011969095142~Duilio~de Franceschi~1952~United States, Passenger And Crew Lists~Americas~Passenger lists
US/PASS/NY/ELLIS2/006958181/3~E~de Franceschi~1907~United States, Passenger And Crew Lists~Americas~Passenger lists
ANZ/AUSPASS/NAA/009568258~E~de Franceschi~1966~Australia, Inward, Outward & Coastal Passenger Lists 1826-1972~Western Australia, Australia~Passenger lists
ANZ/AUSPASS/NAA/003578036~Egid-A~de Franceschi~1970~Australia, Inward, Outward & Coastal Passenger Lists 1826-1972~Australia~Passenger lists
US/PASS/NY/012197655791~Egle G~de Franceschi~1952~United States, Passenger And Crew Lists~Americas~Passenger lists
US/PASS/NY/ELLIS2/001518072/1~Elisa~de Franceschi~1915~United States, Passenger And Crew Lists~Americas~Passenger lists
US/PASS/NY/ELLIS2/001503233/1~Elisa~de Franceschi~1915~United States, Passenger And Crew Lists~Americas~Passenger lists
R_102908984365~Emanuele~de Franceschi~~United States, Passenger And Crew Lists~Americas~Passenger lists
US/PASS/NY/ELLIS2/000542551/1~Emanuele~de Franceschi~1921~United States, Passenger And Crew Lists~Americas~Passenger lists
US/PASS/NY/ELLIS2/017418362/3~Emanuele~de Franceschi~1922~United States, Passenger And Crew Lists~Americas~Passenger lists
FS/MAR/38898201/1~Emanuele~de Franceschi~1922~United States Marriages~Manhattan, New York, United States~Civil Marriage & Divorce
GBPRS/CDRC/MAR/007103~Emerico~de Franceschi~1876~Wales Roman Catholic Marriages~St Peter, Roath, Glamorganshire, Wales~Parish Marriages
US/PASS/NY/012287844610~Enrico~de Franceschi~1929~United States, Passenger And Crew Lists~Americas~Passenger lists
ANZ/AUSPASS/NAA/002019698~Enrico~de Franceschi~1952~Australia, Inward, Outward & Coastal Passenger Lists 1826-1972~Western Australia, Australia~Passenger lists
USC/1930/004953928/00705/019~Estelle~de Franceschi~1930~Us Census 1930~Memphis, Shelby, Tennessee, United States~Census
BMD/OVS/MCON/000788/070~Eveline L A M~de Franceschi~1906-10~British Armed Forces And Overseas Banns And Marriages~Smyrna, Turkey~Civil Marriage & Divorce
192/DEFRANCESCHI/FABIO/CV31/1360438697~Fabio~de Franceschi~2011~UK Electoral Registers & Companies House Directors~Leamington Spa, Warwickshire, England~Electoral Rolls
US/PASS/NY/ELLIS2/012200947/1~Fco~de Franceschi~1907~United States, Passenger And Crew Lists~Americas~Passenger lists
R_102811892681~Fco~de Franceschi~1916~United States, Passenger And Crew Lists~Americas~Passenger lists
192/DEFRANCESCHI/FERNANDO/SW2/2215932004~Fernando~de Franceschi~2013~UK Electoral Registers & Companies House Directors~London, England~Electoral Rolls
R_102810888311~Filippo~de Franceschi~1906~United States, Passenger And Crew Lists~Americas~Passenger lists
US/PASS/NY/ELLIS2/007888634/1~Filippo~de Franceschi~1906~United States, Passenger And Crew Lists~Americas~Passenger lists
USC/1930/004953928/00705/017~Flora~de Franceschi~1930~Us Census 1930~Memphis, Shelby, Tennessee, United States~Census
US/FS/M/028621008/2~Flora~de Franceschi~1935~United States Marriages~Shelby, Tennessee, United States~Civil Marriage & Divorce
US/PASS/PA/012021503413~Florinds~de Franceschi~1903~United States, Passenger And Crew Lists~Americas~Passenger lists
R_102909796066~Francesco~de Franceschi~~United States, Passenger And Crew Lists~Americas~Passenger lists
MIGR/MASTER/016348096~Francesco~de Franceschi~1910~British & Irish Roots Collection~Americas~Migration
US/PASS/NY/ELLIS2/004665826/1~Francesco~de Franceschi~1910~United States, Passenger And Crew Lists~Americas~Passenger lists
US/PASS/NY/ELLIS2/015614731/1~Francesco~de Franceschi~1923~United States, Passenger And Crew Lists~Americas~Passenger lists
192/DEFRANCESCHI/FRANCO/UB4/3230022721~Franco G~de Franceschi~2002-03~UK Electoral Registers & Companies House Directors~Hayes, Middlesex, England~Electoral Rolls
192/DEFRANCESCHI/FRANCO/PL14/4225493703~Franco G~de Franceschi~2004-06~UK Electoral Registers & Companies House Directors~Liskeard, Cornwall, England~Electoral Rolls
USC/1940/1583307659~Frank~de Franceschi~1940~Us Census 1940~Torrington, Litchfield, Connecticut, United States~Census
USC/1930/004950451/00863/046~Freedia~de Franceschi~1930~Us Census 1930~Chicago, Cook, Illinois, United States~Census
FS/BRB/1503083/R_102899993090~Frieda~de Franceschi~1988~Chicago Roman Catholic Cemetery Records, 1864-1989~River Grove, Cook, Illinois, United States~Parish Burials
US/USNATUR/3829770/0~Gerda~de Franceschi~1939~United States Naturalization Petitions~New York, United States~Naturalizations
US/USNATUR/3829772/0~Gerda~de Franceschi~1944~United States Naturalization Petitions~New York, United States~Naturalizations
US/PASS/NY/011967855795~Gerda~de Franceschi~1955~United States, Passenger And Crew Lists~Americas~Passenger lists
R_102810924202~Gerolam* Or Gerolan*~de Franceschi~1906~United States, Passenger And Crew Lists~Americas~Passenger lists
R_102814915646~Giacomo~de Franceschi~1912~United States, Passenger And Crew Lists~Americas~Passenger lists
US/PASS/NY/ELLIS2/023239561/1~Giacomo~de Franceschi~1912~United States, Passenger And Crew Lists~Americas~Passenger lists
US/PASS/NY/ELLIS2/017418363/1~Giacomo~de Franceschi~1922~United States, Passenger And Crew Lists~Americas~Passenger lists
ANZ/AUSPASS/NAA/010788172~Gianfranco~de Franceschi~1968~Australia, Inward, Outward & Coastal Passenger Lists 1826-1972~Australia~Passenger lists
US/PASS/NY/ELLIS2/005126102/1~Ginseppe~de Franceschi~1910~United States, Passenger And Crew Lists~Americas~Passenger lists
US/PASS/NY/ELLIS2/021415583/2~Gio~de Franceschi~1913~United States, Passenger And Crew Lists~Americas~Passenger lists
R_677981819~Gioconda Maria Francesca Anna~de Franceschi~1855~Italy Births & Baptisms 1806-1900~Italy~Parish Baptisms
ANZ/AUSPASS/NAA/012046693~Giordano~de Franceschi~1950~Australia, Inward, Outward & Coastal Passenger Lists 1826-1972~Australia~Passenger lists
US/PASS/NY/012238017657~Giov~de Franceschi~1882~United States, Passenger And Crew Lists~Americas~Passenger lists
US/PASS/NY/ELLIS2/008650119/1~Giov~de Franceschi~1905~United States, Passenger And Crew Lists~Americas~Passenger lists
US/PASS/NY/ELLIS2/009807686/1~Giov. Bast.~de Franceschi~1903~United States, Passenger And Crew Lists~Americas~Passenger lists
US/PASS/NY/ELLIS2/004009060/1~Giov. Batta.~de Franceschi~1911~United States, Passenger And Crew Lists~Americas~Passenger lists
R_102814991003~Giovani~de Franceschi~1913~United States, Passenger And Crew Lists~Americas~Passenger lists
USM/WWIDR/1650725875~Giovani~de Franceschi~1917-18~World War I Draft Registration Cards~Shasta County, California, United States~First World War
R_104269189756~Giovanni~de Franceschi~~United States, Passenger And Crew Lists~Americas~Passenger lists
R_102911792736~Giovanni~de Franceschi~~United States, Passenger And Crew Lists~Americas~Passenger lists
US/PASS/CANBORDER/003070247~Giovanni~de Franceschi~1895-1924~United States, Canadian Border Crossings~Vermont, United States~Passenger lists
US/PASS/NY/ELLIS2/010396705/1~Giovanni~de Franceschi~1902~United States, Passenger And Crew Lists~Americas~Passenger lists
US/PASS/NY/ELLIS2/009867221/1~Giovanni~de Franceschi~1903~United States, Passenger And Crew Lists~Americas~Passenger lists
US/PASS/NY/ELLIS2/008431498/1~Giovanni~de Franceschi~1905~United States, Passenger And Crew Lists~Americas~Passenger lists
US/PASS/NY/ELLIS2/004804252/3~Giovanni~de Franceschi~1910~United States, Passenger And Crew Lists~Americas~Passenger lists
US/PASS/NY/ELLIS2/004665826/3~Giovanni~de Franceschi~1910~United States, Passenger And Crew Lists~Americas~Passenger lists
R_102813860227~Giovanni~de Franceschi~1910~United States, Passenger And Crew Lists~Americas~Passenger lists
US/PASS/NY/ELLIS2/005126104/1~Giovanni~de Franceschi~1910~United States, Passenger And Crew Lists~Americas~Passenger lists
US/PASS/NY/ELLIS2/004059826/3~Giovanni~de Franceschi~1911~United States, Passenger And Crew Lists~Americas~Passenger lists
R_102907876119~Giovanni~de Franceschi~1914~United States, Passenger And Crew Lists~Americas~Passenger lists
US/PASS/NY/ELLIS2/001742307/1~Giovanni~de Franceschi~1914~United States, Passenger And Crew Lists~Americas~Passenger lists
US/PASS/CANBORDER/003608975~Giovanni~de Franceschi~1915~United States, Canadian Border Crossings~Vermont, United States~Passenger lists
US/US_PASSPORT_APPLICATIONS/007569963/00617/001681533~Giovanni~de Franceschi~1922~United States Passport Applications~Connecticut, United States~Migration
US/PASS/NY/001761547659~Giovanni~de Franceschi~1928~United States, Passenger And Crew Lists~Americas~Passenger lists
US/PASS/NY/011970668470~Giovanni~de Franceschi~1934~United States, Passenger And Crew Lists~Americas~Passenger lists
US/ILLIN_NATUR/256366~Giovanni~de Franceschi~1937~Illinois, Northern District, Naturalization Index~Illinois, United States~Naturalizations
US/PASS/NY/011865841791~Giovanni~de Franceschi~1947~United States, Passenger And Crew Lists~Americas~Passenger lists
192/DEFRANCESCHI/GIOVANNI/WC2H/3879573238~Giovanni~de Franceschi~1998-2018~UK Electoral Registers & Companies House Directors~London, England~Electoral Rolls
US/PASS/NY/ELLIS2/007794059/3~Giovi~de Franceschi~1906~United States, Passenger And Crew Lists~Americas~Passenger lists
US/PASS/NY/ELLIS2/007794058/3~Giovi~de Franceschi~1906~United States, Passenger And Crew Lists~Americas~Passenger lists
US/PASS/NY/ELLIS2/011428928/1~Girolamo~de Franceschi~1906~United States, Passenger And Crew Lists~Americas~Passenger lists
R_102912730545~Giulietta~de Franceschi~~United States, Passenger And Crew Lists~Americas~Passenger lists
US/PASS/NY/011991615834~Giulietta~de Franceschi~1931~United States, Passenger And Crew Lists~Americas~Passenger lists
US/PASS/NY/ELLIS2/009083440/3~Gius~de Franceschi~1905~United States, Passenger And Crew Lists~Americas~Passenger lists
US/PASS/NY/ELLIS2/009083437/3~Gius~de Franceschi~1905~United States, Passenger And Crew Lists~Americas~Passenger lists
R_679010153/1~Giuseppe~de Franceschi~1900~Italy Marriages 1809-1900~Italy~Parish Marriages
R_679009617/1~Giuseppe~de Franceschi~1900~Italy Marriages 1809-1900~Italy~Parish Marriages
US/PASS/NY/ELLIS2/008664632/1~Giuseppe~de Franceschi~1905~United States, Passenger And Crew Lists~Americas~Passenger lists
US/PASS/NY/ELLIS2/008822142/1~Giuseppe~de Franceschi~1905~United States, Passenger And Crew Lists~Americas~Passenger lists
US/PASS/NY/ELLIS2/005354829/3~Giuseppe~de Franceschi~1910~United States, Passenger And Crew Lists~Americas~Passenger lists
R_102813859749~Giuseppe~de Franceschi~1910~United States, Passenger And Crew Lists~Americas~Passenger lists
ANZ/AUSPASS/NAA/012046694~Giuseppe~de Franceschi~1950~Australia, Inward, Outward & Coastal Passenger Lists 1826-1972~Western Australia, Australia~Passenger lists
US/NY/CATH/PR/BAP/PH2/00579704~Giuseppina~de Franceschi~1918~New York Roman Catholic Parish Baptisms~Transfiguration, Manhattan, New York, United States~Parish Baptisms
US/PASS/NY/ELLIS2/001737153/2~Giustina~de Franceschi~1914~United States, Passenger And Crew Lists~Americas~Passenger lists
US/PASS/NY/ELLIS2/001737151/2~Giustina~de Franceschi~1914~United States, Passenger And Crew Lists~Americas~Passenger lists
US/PASS/NY/ELLIS2/001737156/2~Giustina~de Franceschi~1914~United States, Passenger And Crew Lists~Americas~Passenger lists
US/PASS/NY/ELLIS2/001737152/2~Giustina~de Franceschi~1914~United States, Passenger And Crew Lists~Americas~Passenger lists
US/PASS/NY/ELLIS2/001737154/2~Giustina~de Franceschi~1914~United States, Passenger And Crew Lists~Americas~Passenger lists
US/PASS/NY/ELLIS2/001737155/2~Giustina~de Franceschi~1914~United States, Passenger And Crew Lists~Americas~Passenger lists
US/PASS/NY/ELLIS2/023836345/2~Giustina~de Franceschi~1914~United States, Passenger And Crew Lists~Americas~Passenger lists
US/PASS/NY/ELLIS2/019938618/2~Giustina~de Franceschi~1914~United States, Passenger And Crew Lists~Americas~Passenger lists
US/PASS/NY/ELLIS2/001335597/2~Giustina~de Franceschi~1920~United States, Passenger And Crew Lists~Americas~Passenger lists
US/PASS/NY/ELLIS2/001335598/2~Giustina~de Franceschi~1920~United States, Passenger And Crew Lists~Americas~Passenger lists
US/PASS/NY/ELLIS2/023821464/2~Giustina~de Franceschi~1920~United States, Passenger And Crew Lists~Americas~Passenger lists
US/PASS/NY/ELLIS2/017442717/1~Guido~de Franceschi~1919~United States, Passenger And Crew Lists~Americas~Passenger lists
US/PASS/NY/011981970565~Ida~de Franceschi~1928~United States, Passenger And Crew Lists~Americas~Passenger lists
R_677975416~Ignazio Luigi Nicola~de Franceschi~1842~Italy Births & Baptisms 1806-1900~Italy~Parish Baptisms
R_13117128409~Ilio~de Franceschi~1933~United States, Passenger And Crew Lists~New York, United States~Passenger lists
192/DEFRANCESCHI/IVES/SW18/3970344024~Ives~de Franceschi~1998-2018~UK Electoral Registers & Companies House Directors~London, England~Electoral Rolls
US/PASS/NY/001703694693~Jobia~de Franceschi~1925~United States, Passenger And Crew Lists~Americas~Passenger lists
USC/1930/004950451/00863/045~John~de Franceschi~1930~Us Census 1930~Chicago, Cook, Illinois, United States~Census
FS/BRB/1503083/R_102899993117~John~de Franceschi~1951~Chicago Roman Catholic Cemetery Records, 1864-1989~River Grove, Cook, Illinois, United States~Parish Burials
US/GVLOC/0689569~Joni M~de Franceschi~2016~United States, National Veterans Cemetery Index~Americas~Civil Deaths & Burials
US/PASS/NY/ELLIS2/019804948/1~Joseph~de Franceschi~1921~United States, Passenger And Crew Lists~Americas~Passenger lists
US/PASS/NY/ELLIS2/015356598/1~Joseph~de Franceschi~1923~United States, Passenger And Crew Lists~Americas~Passenger lists
US/PASS/NORTHCAROLINA/0117479~Joseph~de Franceschi~1926~United States, Passenger And Crew Lists~New England, United States~Passenger lists
USM/VETGRV/4775892~Joseph~de Franceschi~1940~U.S. Veteran's Gravesites~Farmingdale, New York, United States~Civil Deaths & Burials
ANZ/AUSPASS/NAA/010788173~Julie Marie~de Franceschi~1968~Australia, Inward, Outward & Coastal Passenger Lists 1826-1972~Australia~Passenger lists
ANZ/AUSPASS/NAA/007450905~Julie Marie~de Franceschi~1972~Australia, Inward, Outward & Coastal Passenger Lists 1826-1972~Australia~Passenger lists
USC/1930/004953928/00705/021~Juliet~de Franceschi~1930~Us Census 1930~Memphis, Shelby, Tennessee, United States~Census
US/PASS/NY/012025598555~Julietta~de Franceschi~1955~United States, Passenger And Crew Lists~Americas~Passenger lists
192/DEFRANCESCHI/KARINA/SE3/2355589898~Karina~de Franceschi~2004~UK Electoral Registers & Companies House Directors~London, England~Electoral Rolls
US/NY/CATH/PR/MAR/PH2/00257688/G~Lawrence~de Franceschi~1906~New York Roman Catholic Parish Marriages~St Joseph, Sixth Avenue, Manhattan, New York, United States~Parish Marriages
US/NY/CATH/PR/BAP/00510819~Lawrence~de Franceschi~1911~New York Roman Catholic Parish Baptisms~Ascension, New York County, New York, United States~Parish Baptisms
US/PASS/NY/011973386888~Lea~de Franceschi~1953~United States, Passenger And Crew Lists~Americas~Passenger lists
US/PASS/NY/011980504855~Lea~de Franceschi~1954~United States, Passenger And Crew Lists~Americas~Passenger lists
US/US_PASSPORT_APPLICATIONS/007572652/00658/000859727~Louis~de Franceschi~1919~United States Passport Applications~United States~Migration
US/PASS/NY/001750935035~Louis~de Franceschi~1946~United States, Passenger And Crew Lists~Americas~Passenger lists
R_677985704~Lucia Caterina~de Franceschi~1900~Italy Births & Baptisms 1806-1900~Italy~Parish Baptisms
US/PASS/NY/011964824661~Luciani~de Franceschi~1953~United States, Passenger And Crew Lists~Americas~Passenger lists
ANZ/AUSPASS/NAA/011735237~Luciano~de Franceschi~1962~Australia, Inward, Outward & Coastal Passenger Lists 1826-1972~Australia~Passenger lists
R_104270382071~Luigi~de Franceschi~~United States, Passenger And Crew Lists~Americas~Passenger lists
US/PASS/NY/ELLIS2/006630367/1~Luigi~de Franceschi~1907~United States, Passenger And Crew Lists~Americas~Passenger lists
US/PASS/NY/ELLIS2/005018346/1~Luigi~de Franceschi~1910~United States, Passenger And Crew Lists~Americas~Passenger lists
US/PASS/NY/ELLIS2/022048920/1~Luigi~de Franceschi~1920~United States, Passenger And Crew Lists~Americas~Passenger lists
US/PASS/NY/ELLIS2/016165612/3~Luigi~de Franceschi~1922~United States, Passenger And Crew Lists~Americas~Passenger lists
US/PASS/NY/011990697610~Luigi~de Franceschi~1930~United States, Passenger And Crew Lists~Americas~Passenger lists
US/PASS/NY/012024327030~Luigi~de Franceschi~1934~United States, Passenger And Crew Lists~Americas~Passenger lists
ANZ/AUSPASS/NAA/002235447~Luigi~de Franceschi~1956~Australia, Inward, Outward & Coastal Passenger Lists 1826-1972~Victoria, Australia~Passenger lists
ANZ/AUSPASS/NAA/005551099~Luigi~de Franceschi~1969~Australia, Inward, Outward & Coastal Passenger Lists 1826-1972~Australia~Passenger lists
R_102911809836~Luigia~de Franceschi~~United States, Passenger And Crew Lists~Americas~Passenger lists
US/PASS/NY/011988998174~Luigia~de Franceschi~1928~United States, Passenger And Crew Lists~Americas~Passenger lists
US/NY/CATH/PR/BAP/00399046~Ma Giovanna~de Franceschi~1902~New York Roman Catholic Parish Baptisms~Our Lady of Mount Carmel, New York County, New York, United States~Parish Baptisms
192/DEFRANCESCHI/MARCELO/SW17/2819710253~Marcelo~de Franceschi~2011-13~UK Electoral Registers & Companies House Directors~London, England~Electoral Rolls
192/DEFRANCESCHI/MARCELO/SW19/1893640690~Marcelo~de Franceschi~2016~UK Electoral Registers & Companies House Directors~London, England~Electoral Rolls
192/DEFRANCESCHI/MARCELO/SN25/2124018617~Marcelo~de Franceschi~2020-23~UK Electoral Registers & Companies House Directors~Swindon, Wiltshire, England~Electoral Rolls
192/DEFRANCESCHI/MARCELO/SW19/2935183015~Marcelo De~de Franceschi~2016-18~UK Electoral Registers & Companies House Directors~London, England~Electoral Rolls
US/PASS/NY/ELLIS2/009846576/1~Mareo~de Franceschi~1903~United States, Passenger And Crew Lists~Americas~Passenger lists
R_102912730580~Maria~de Franceschi~~United States, Passenger And Crew Lists~Americas~Passenger lists
US/PASS/NY/ELLIS2/007794105/1~Maria~de Franceschi~1906~United States, Passenger And Crew Lists~Americas~Passenger lists
US/PASS/NY/ELLIS2/003969090/2~Maria~de Franceschi~1911~United States, Passenger And Crew Lists~Americas~Passenger lists
US/PASS/NY/ELLIS2/004009059/2~Maria~de Franceschi~1911~United States, Passenger And Crew Lists~Americas~Passenger lists
US/PASS/NY/ELLIS2/018084384/2~Maria~de Franceschi~1920~United States, Passenger And Crew Lists~Americas~Passenger lists
US/PASS/NY/011990291349~Maria~de Franceschi~1931~United States, Passenger And Crew Lists~Americas~Passenger lists
US/PASS/NY/012317610370~Maria~de Franceschi~1948~United States, Passenger And Crew Lists~Americas~Passenger lists
US/PASS/NY/011980768810~Maria~de Franceschi~1956~United States, Passenger And Crew Lists~Americas~Passenger lists
ANZ/AUSPASS/NAA/002235448~Mariano~de Franceschi~1956~Australia, Inward, Outward & Coastal Passenger Lists 1826-1972~Western Australia, Australia~Passenger lists
US/PASS/NY/012238017660~Marietta~de Franceschi~1882~United States, Passenger And Crew Lists~Americas~Passenger lists
ANZ/AUSPASS/NAA/012562829~Marilena~de Franceschi~1957~Australia, Inward, Outward & Coastal Passenger Lists 1826-1972~Western Australia, Australia~Passenger lists
ANZ/AUSPASS/NAA/002019699~Mario~de Franceschi~1952~Australia, Inward, Outward & Coastal Passenger Lists 1826-1972~Western Australia, Australia~Passenger lists
ANZ/AUSPASS/NAA/007450906~Marissa Cesira~de Franceschi~1972~Australia, Inward, Outward & Coastal Passenger Lists 1826-1972~Australia~Passenger lists
US/PASS/NY/ELLIS2/016075786/3~Matteo~de Franceschi~1920~United States, Passenger And Crew Lists~Americas~Passenger lists
192/DEFRANCESCHI/MICHELE/N17/2452772768~Michele~de Franceschi~2018~UK Electoral Registers & Companies House Directors~London, England~Electoral Rolls
BMD/M/1975/2/AZ/000345/045~Michele C~de Franceschi~1975~England & Wales Marriages 1837-2005~Elstree & Potters Bar, Hertfordshire, England~Civil Marriage & Divorce
R_677977191~Michele Luigi Leopoldo~de Franceschi~1844~Italy Births & Baptisms 1806-1900~Italy~Parish Baptisms
FS/MAR/35811668/1~Mike~de Franceschi~1924~United States Marriages~Monroe, New York, United States~Civil Marriage & Divorce
US/FS/M/012612417/1~Mike~de Franceschi~1924~United States Marriages~Monroe, New York, United States~Civil Marriage & Divorce
FS/MAR/NY/1422546368/1~Mike~de Franceschi~1924~New York Marriages~New York, United States~Civil Marriage & Divorce
US/PASS/NY/ELLIS2/004365401/3~Mr & Mrs Coneha~de Franceschi~1911~United States, Passenger And Crew Lists~Americas~Passenger lists
US/PASS/NY/011973342720~Nella~de Franceschi~1952~United States, Passenger And Crew Lists~Americas~Passenger lists
ANZ/AUSPASS/NAA/010788174~Olea Mary~de Franceschi~1968~Australia, Inward, Outward & Coastal Passenger Lists 1826-1972~Australia~Passenger lists
R_102907401879~Oliva~de Franceschi~1913~United States, Passenger And Crew Lists~Americas~Passenger lists
US/PASS/CANBORDER/003072112~Olivo~de Franceschi~1895-1924~United States, Canadian Border Crossings~Vermont, United States~Passenger lists
R_102814991023~Olivo~de Franceschi~1913~United States, Passenger And Crew Lists~Americas~Passenger lists
US/PASSENGERLISTS/00012104251~Olivo~de Franceschi~1917~United States, Passenger And Crew Lists~Americas~Passenger lists
R_102937404393/2~Olympia~de Franceschi~1919~United States Marriages~Hampden, United States~Civil Marriage & Divorce
R_104270420148~Onorio~de Franceschi~~United States, Passenger And Crew Lists~Americas~Passenger lists
R_102912836058~Onorio~de Franceschi~~United States, Passenger And Crew Lists~Americas~Passenger lists
US/PASS/NY/001757889348~Onorio~de Franceschi~1930~United States, Passenger And Crew Lists~Americas~Passenger lists
US/PASS/NY/011968513767~Onorio~de Franceschi~1934~United States, Passenger And Crew Lists~Americas~Passenger lists
192/DEFRANCESCHI/PAOLA/CM14/2262260384~Paola~de Franceschi~1998-2018~UK Electoral Registers & Companies House Directors~Brentwood, Essex, England~Electoral Rolls
ANZ/AUSPASS/NAA/000547953~Paolo~de Franceschi~1967~Australia, Inward, Outward & Coastal Passenger Lists 1826-1972~Australia~Passenger lists
USM/WWIDR/1648696710~Pasquale~de Franceschi~1917-18~World War I Draft Registration Cards~Boston City No 4, Massachusetts, United States~First World War
ANZ/AUSPASS/NAA/007450907~Paula Anne~de Franceschi~1972~Australia, Inward, Outward & Coastal Passenger Lists 1826-1972~Australia~Passenger lists
USC/1920/004964321/00117/054~Pelade~de Franceschi~1920~Us Census 1920~San Francisco Assembly District 33 Precinct 10 San Francisco City, San Francisco, California, United States~Census
R_104269084294~Peter~de Franceschi~~United States, Passenger And Crew Lists~Americas~Passenger lists
R_104269949603~Peter~de Franceschi~~United States, Passenger And Crew Lists~Americas~Passenger lists
US/USNATUR/4153887/0~Peter~de Franceschi~1931~United States Naturalization Petitions~New York, United States~Naturalizations
US/PASS/NY/001761800991~Peter~de Franceschi~1935~United States, Passenger And Crew Lists~Americas~Passenger lists
US/USNATUR/4153888/0~Peter~de Franceschi~1936~United States Naturalization Petitions~New York, United States~Naturalizations
US/USNATUR/4153889/0~Peter~de Franceschi~1937~United States Naturalization Petitions~New York, United States~Naturalizations
R_105848506310~Peter~de Franceschi~1939~United States, Passenger And Crew Lists~Americas~Passenger lists
US/PASS/NY/011982784231~Peter~de Franceschi~1939~United States, Passenger And Crew Lists~Americas~Passenger lists
USC/1940/1561515006~Peter~de Franceschi~1940~Us Census 1940~New York City, Manhattan, New York, United States~Census
ANZ/AUSPASS/NAA/001596650~Pia~de Franceschi~1960~Australia, Inward, Outward & Coastal Passenger Lists 1826-1972~Australia~Passenger lists
ANZ/AUSPASS/NAA/007450908~Pia~de Franceschi~1972~Australia, Inward, Outward & Coastal Passenger Lists 1826-1972~Australia~Passenger lists
R_102911828596~Piétro~de Franceschi~~United States, Passenger And Crew Lists~Americas~Passenger lists
US/PASS/NY/ELLIS2/021415583/1~Pietro~de Franceschi~1913~United States, Passenger And Crew Lists~Americas~Passenger lists
BMD/OVS/ARM2/000860/103~Placida V~de Franceschi~1946~British Armed Forces And Overseas Banns And Marriages~Venice, Italy~Civil Marriage & Divorce
US/PASS/NY/012197712016~Plinie~de Franceschi~1952~United States, Passenger And Crew Lists~Americas~Passenger lists
R_104270325269~Plinio~de Franceschi~~United States, Passenger And Crew Lists~Americas~Passenger lists
FS/MAR/38382336/1~Plinio~de Franceschi~1920~United States Marriages~Manhattan, New York, United States~Civil Marriage & Divorce
US/NY/CATH/PR/MAR/00177173/G~Plinio~de Franceschi~1920~New York Roman Catholic Parish Marriages~Our Lady of Pompei, New York County, New York, United States~Parish Marriages
US/PASS/NY/011970664150~Plinio~de Franceschi~1934~United States, Passenger And Crew Lists~Americas~Passenger lists
US/PASS/NY/011973894425~Plinio~de Franceschi~1950~United States, Passenger And Crew Lists~Americas~Passenger lists
US/PASS/NY/ELLIS2/005018345/1~Primo~de Franceschi~1910~United States, Passenger And Crew Lists~Americas~Passenger lists
US/PASS/NY/ELLIS2/017014726/2~Regina Del Fabbro~de Franceschi~1922~United States, Passenger And Crew Lists~Americas~Passenger lists
US/PASS/NY/001726353180~Renata~de Franceschi~1926~United States, Passenger And Crew Lists~Americas~Passenger lists
US/PASS/NY/001703694692~Reno~de Franceschi~1925~United States, Passenger And Crew Lists~Americas~Passenger lists
US/PASS/NY/011981853317~Reolona Emma~de Franceschi~1930~United States, Passenger And Crew Lists~Americas~Passenger lists
192/DEFRANCESCHI/RICCARDO/SE24/2232056059~Riccardo~de Franceschi~2018-23~UK Electoral Registers & Companies House Directors~London, England~Electoral Rolls
US/USNATUR/3829770/2~Richard~de Franceschi~1939~United States Naturalization Petitions~New York, United States~Naturalizations
ANZ/AUSPASS/NAA/002235449~Rina~de Franceschi~1956~Australia, Inward, Outward & Coastal Passenger Lists 1826-1972~Victoria, Australia~Passenger lists
ANZ/AUSPASS/NAA/005551100~Rina~de Franceschi~1969~Australia, Inward, Outward & Coastal Passenger Lists 1826-1972~Australia~Passenger lists
US/PASS/NY/011969095143~Rita~de Franceschi~1952~United States, Passenger And Crew Lists~Americas~Passenger lists
ANZ/AUSPASS/NAA/003578037~Robert~de Franceschi~1970~Australia, Inward, Outward & Coastal Passenger Lists 1826-1972~Australia~Passenger lists
US/PASS/NY/012238017659~Romeo~de Franceschi~1882~United States, Passenger And Crew Lists~Americas~Passenger lists
USC/1930/004953928/00705/022~Romeo~de Franceschi~1930~Us Census 1930~Memphis, Shelby, Tennessee, United States~Census
USC/1940/1631285913~Romeo~de Franceschi~1940~Us Census 1940~Memphis, Shelby, Tennessee, United States~Census
FS/MAR/33849243/2~Rosa~de Franceschi~1894~United States Marriages~Manhattan, New York, United States~Civil Marriage & Divorce
US/PASS/NY/011983302784~Rosa~de Franceschi~1931~United States, Passenger And Crew Lists~Americas~Passenger lists
USC/1930/004953928/00705/020~Serena~de Franceschi~1930~Us Census 1930~Memphis, Shelby, Tennessee, United States~Census
USC/1940/1631278364~Serena~de Franceschi~1940~Us Census 1940~Memphis, Shelby, Tennessee, United States~Census
US/PASS/NY/ELLIS2/009083437/1~Stefano~de Franceschi~1905~United States, Passenger And Crew Lists~Americas~Passenger lists
ANZ/AUSPASS/NAA/000547954~Stefano~de Franceschi~1967~Australia, Inward, Outward & Coastal Passenger Lists 1826-1972~Australia~Passenger lists
R_102912755827~Teresa~de Franceschi~~United States, Passenger And Crew Lists~Americas~Passenger lists
R_679009963/2~Teresa~de Franceschi~1900~Italy Marriages 1809-1900~Italy~Parish Marriages
US/PASS/NY/ELLIS2/005018344/1~Teresa~de Franceschi~1910~United States, Passenger And Crew Lists~Americas~Passenger lists
US/PASS/NY/ELLIS2/023239561/2~Teresa~de Franceschi~1912~United States, Passenger And Crew Lists~Americas~Passenger lists
US/PASS/NY/011983440071~Teresa~de Franceschi~1931~United States, Passenger And Crew Lists~Americas~Passenger lists
R_105849307275~Teresa~de Franceschi~1939~United States, Passenger And Crew Lists~Americas~Passenger lists
US/PASS/NY/011989814550~Teresa~de Franceschi~1939~United States, Passenger And Crew Lists~Americas~Passenger lists
US/PASS/NY/001703694691~Tersa Or Teresa~de Franceschi~1925~United States, Passenger And Crew Lists~Americas~Passenger lists
US/PASS/NY/012238017661~Therese~de Franceschi~1882~United States, Passenger And Crew Lists~Americas~Passenger lists
USC/1930/004950451/00863/047~Thersa~de Franceschi~1930~Us Census 1930~Chicago, Cook, Illinois, United States~Census
ANZ/AUSPASS/NAA/013000526~Ubaldo~de Franceschi~1965~Australia, Inward, Outward & Coastal Passenger Lists 1826-1972~Victoria, Australia~Passenger lists
US/PASS/CANBORDER/006423316~Ulivo~de Franceschi~1915~United States, Canadian Border Crossings~Vermont, United States~Passenger lists
US/PASS/NY/011866072394~Umberto~de Franceschi~1948~United States, Passenger And Crew Lists~Americas~Passenger lists
US/PASS/NY/011866065992~Umberto~de Franceschi~1948~United States, Passenger And Crew Lists~Americas~Passenger lists
R_309228344~Valentino~de Franceschi~1900~Italy Deaths & Burials 1809-1900~Italy~Parish Burials
R_677984806~Valentino Mario~de Franceschi~1900~Italy Births & Baptisms 1806-1900~Italy~Parish Baptisms
192/DEFRANCESCHI/ANDRE/SW16/16605550~Andre~De-Franceschi~2002~UK Electoral Registers & Companies House Directors~London, England~Electoral Rolls
US/PASS/NY/011972790521~Egle~Guglielmetti Defranceschi~1934~United States, Passenger And Crew Lists~Americas~Passenger lists
