US/PASS/PA/001735063727~Bosiljka~Defranceski~1954~United States, Passenger And Crew Lists~Americas~Passenger lists
US/PASS/PA/001735063732~Brank A~Defranceski~1954~United States, Passenger And Crew Lists~Americas~Passenger lists
FS/MAR/33829245/1~Giovanni~Defranceski~1894~United States Marriages~Manhattan, New York, United States~Civil Marriage & Divorce
US/PASS/PA/001735064173~Jela~Defranceski~1954~United States, Passenger And Crew Lists~Americas~Passenger lists
WW2/14984155~John J~Defranceski~1945~World War 2 Allies Collection~United States~Second World War
USM/WWARMYENLIST/6768627~John J~Defranceski~1945~World War II Army Enlistment Records~United States~Second World War
US/PASS/PA/001735064196~Josip~Defranceski~1954~United States, Passenger And Crew Lists~Americas~Passenger lists
192/DEFRANCESKI/KIRSTEN/TQ3/3019798399~Kirsten~Defranceski~2022~UK Electoral Registers & Companies House Directors~Paignton, Devon, England~Electoral Rolls
BMD/M/2003/11/94285761~Lisa T~Defranceski~2003~England & Wales Marriages 1837-2005~Hillingdon, Middlesex, England~Civil Marriage & Divorce
US/FS/M/021609915/2~Luigi~Defranceski~1904~United States Marriages~Luzerne, Pennsylvania, United States~Civil Marriage & Divorce
BMD/M/1978/3/AO/000476/045~Marion G~Defranceski~1978~England & Wales Marriages 1837-2005~Hillingdon, Middlesex, England~Civil Marriage & Divorce
US/PASS/PA/001735064382~Mojuil~Defranceski~1954~United States, Passenger And Crew Lists~Americas~Passenger lists
R_102906798562~Petro~Defranceski~1912~United States, Passenger And Crew Lists~Americas~Passenger lists
AU/VICTORIA/WILLSPROBATE/001185884~Rosa~Defranceski~1996~Victoria Wills & Probate~Victoria, Australia~Wills & probate
US/BMD/BILLION/P8/2273921~Ruza "rosa"~Defranceski~1996~Australia Billion Graves Cemetery Index~Horsham, Victoria, Australia~Civil Deaths & Burials
ANZ/BMD/VICTORIADEATH/2314152~Zdravko~Defranceski~1980~Australia, Civil Deaths & Burials 1780-1985~Hors, Victoria, Australia~Civil Deaths & Burials
US/BMD/BILLION/5/000026888230~Zdravko Frank~Defranceski~1979~Australia Billion Graves Cemetery Index~Horsham, Victoria, Australia~Civil Deaths & Burials
US/DIRECTORIES/ARCH/WASHINGTONDISTRI00UNSE/0535~~~1921~United States Directories & Almanacs~Americas~Directories & almanacs
US/DIRECTORIES/ARCH/BOYDSDIRECTORYOF1923WASH/0533~~~1923~United States Directories & Almanacs~Americas~Directories & almanacs
US/DIRECTORIES/ARCH/BOYDSDIRECTORYOF1923WASH/2157~~~1923~United States Directories & Almanacs~Americas~Directories & almanacs
USC/1910/005157156/00270/005~Alba~de Franceski~1910~Us Census 1910~19-Wd Memphis, Shelby, Tennessee, United States~Census
USC/1910/005157156/00270/003~Alberts~de Franceski~1910~Us Census 1910~19-Wd Memphis, Shelby, Tennessee, United States~Census
USC/1930/004951138/01007/021~Ann M~de Franceski~1930~Us Census 1930~Detroit, Dickinson, Michigan, United States~Census
USC/1910/005157156/00270/000~Antonio~de Franceski~1910~Us Census 1910~19-Wd Memphis, Shelby, Tennessee, United States~Census
USC/1930/004951138/01007/020~Augusta M~de Franceski~1930~Us Census 1930~Detroit, Dickinson, Michigan, United States~Census
USC/1910/005157156/00270/004~Aurora~de Franceski~1910~Us Census 1910~19-Wd Memphis, Shelby, Tennessee, United States~Census
USC/1910/005157156/00270/001~Bertha~de Franceski~1910~Us Census 1910~19-Wd Memphis, Shelby, Tennessee, United States~Census
USC/1930/004951138/01007/019~Domme~de Franceski~1930~Us Census 1930~Detroit, Dickinson, Michigan, United States~Census
ANZ/NSW/PASS/UNASST/02632577~G~de Franceski~1893~Australia, Inward, Outward & Coastal Passenger Lists 1826-1972~New South Wales, Australia~Passenger lists
USC/1930/004951138/01007/022~Irene R~de Franceski~1930~Us Census 1930~Detroit, Dickinson, Michigan, United States~Census
R_105849469194~J~de Franceski~1939~United States, Passenger And Crew Lists~Americas~Passenger lists
USC/1930/004951138/01007/023~John~de Franceski~1930~Us Census 1930~Detroit, Dickinson, Michigan, United States~Census
USC/1930/004951138/01007/024~Joseph~de Franceski~1930~Us Census 1930~Detroit, Dickinson, Michigan, United States~Census
USC/1910/005157156/00270/002~Pietro~de Franceski~1910~Us Census 1910~19-Wd Memphis, Shelby, Tennessee, United States~Census
US/US_PASSPORT_APPLICATIONS/007570033/00729/001670911~Tobias~de Franceski~1922~United States Passport Applications~United States~Migration
AU/VICTORIA/WILLSPROBATE/000697550~Zdrovko~de Franceski~1980~Victoria Wills & Probate~Victoria, Australia~Wills & probate
